"maxt";"mint";"avgt";"HI";"LO";"maxt >=90";"maxt <=32";"mint >=75";"mint <=32";"mint <=0";"HDD";"CDD";"Mly Prec";"1d Max";"Rain Days";">=0.1";">=0.5";">=1.0";"City";"Month";"id";"cluster"
42.1;16.6;29.4;67;-7;0;4;30;0;3;1098;0;0.29;20;3;1;0;0;"Albuquerque";"JAN";1;"cluster_4"
53.6;27.2;40.4;72;10;0;2;21;0;0;680;0;0.24;11;4;1;0;0;"Albuquerque";"FEB";2;"cluster_0"
59.3;31.1;45.2;80;20;0;0;22;0;0;605;0;0.55;30;2;2;0;0;"Albuquerque";"MAR";3;"cluster_0"
72.8;42.6;57.7;86;31;0;0;2;0;0;219;7;0.14;11;3;1;0;0;"Albuquerque";"APR";4;"cluster_3"
84.2;51.7;68.0;93;44;3;0;0;0;0;7;105;0.03;2;2;0;0;0;"Albuquerque";"MAY";5;"cluster_3"
90.3;58.8;74.6;99;44;16;0;0;0;0;2;296;0.11;9;2;0;0;0;"Albuquerque";"JUN";6;"cluster_1"
95.2;67.6;81.4;103;62;29;0;0;1;0;0;516;1.43;44;12;6;0;0;"Albuquerque";"JUL";7;"cluster_1"
87.9;63.9;75.9;95;59;13;0;0;0;0;0;344;3.0;0;16;8;1;1;"Albuquerque";"AUG";8;"cluster_1"
85.0;59.9;72.4;92;50;3;0;0;0;0;0;231;0.63;28;5;2;0;0;"Albuquerque";"SEP";9;"cluster_1"
75.4;47.5;61.5;87;40;0;0;0;0;0;124;21;0.76;36;4;3;0;0;"Albuquerque";"OCT";10;"cluster_3"
58.0;33.3;45.6;68;24;0;0;12;0;0;573;0;0.29;19;3;1;0;0;"Albuquerque";"NOV";11;"cluster_0"
47.6;22.0;34.8;55;11;0;0;31;0;0;931;0;0.0;0;0;0;0;0;"Albuquerque";"DEC";12;"cluster_4"
24.2;11.0;17.6;41;-14;0;21;31;0;9;1461;0;0.48;23;5;2;0;0;"AnnArbor";"JAN";13;"cluster_2"
30.0;12.2;21.1;46;-4;0;16;27;0;5;1222;0;0.3;13;5;1;0;0;"AnnArbor";"FEB";14;"cluster_4"
47.7;28.0;37.8;77;12;0;3;21;0;0;812;1;2.25;63;12;7;2;0;"AnnArbor";"MAR";15;"cluster_0"
63.2;38.6;50.9;81;24;0;0;6;0;0;407;4;2.91;84;7;6;3;0;"AnnArbor";"APR";16;"cluster_0"
70.0;46.1;58.1;88;29;0;0;1;0;0;227;19;2.61;91;7;7;1;0;"AnnArbor";"MAY";17;"cluster_3"
84.9;58.2;71.2;95;38;8;0;0;0;0;21;204;1.4;96;4;2;1;0;"AnnArbor";"JUN";18;"cluster_1"
85.4;61.9;73.7;96;49;7;0;0;0;0;7;282;1.56;26;6;2;1;1;"AnnArbor";"JUL";19;"cluster_1"
80.0;58.2;69.1;89;43;0;0;0;0;0;19;155;1.25;72;6;2;1;0;"AnnArbor";"AUG";20;"cluster_3"
74.8;51.0;62.9;86;39;0;0;0;0;0;101;47;1.15;50;5;3;1;0;"AnnArbor";"SEP";21;"cluster_3"
74.7;49.5;62.1;89;32;0;0;1;0;0;127;47;0.59;48;3;1;0;0;"AnnArbor";"OCT";22;"cluster_3"
52.2;37.6;44.9;65;26;0;0;6;0;0;596;0;1.48;46;8;5;0;0;"AnnArbor";"NOV";23;"cluster_0"
29.7;16.7;23.2;53;-5;0;20;31;0;2;1287;0;0.87;30;8;3;0;0;"AnnArbor";"DEC";24;"cluster_4"
47.5;26.9;37.2;66;-3;0;2;21;0;1;857;0;5.1;64;11;8;4;2;"Atlanta";"JAN";25;"cluster_0"
49.8;28.0;38.9;68;8;0;0;18;0;0;724;0;3.24;22;9;7;2;1;"Atlanta";"FEB";26;"cluster_0"
67.8;45.0;56.4;82;32;0;0;2;0;0;272;12;5.92;4;10;7;4;3;"Atlanta";"MAR";27;"cluster_3"
73.4;52.3;62.9;82;39;0;0;0;0;0;100;42;5.85;33;6;6;5;3;"Atlanta";"APR";28;"cluster_3"
78.6;58.9;68.8;88;41;0;0;0;0;0;42;165;4.66;40;7;6;4;2;"Atlanta";"MAY";29;"cluster_3"
82.6;66.0;74.3;94;59;8;0;0;0;0;0;287;6.68;31;12;10;6;3;"Atlanta";"JUN";30;"cluster_1"
84.7;66.9;75.8;90;60;1;0;0;0;0;0;342;8.12;72;16;9;5;3;"Atlanta";"JUL";31;"cluster_1"
86.9;68.4;77.6;91;64;7;0;0;0;0;0;401;0.88;34;4;3;0;0;"Atlanta";"AUG";32;"cluster_1"
80.3;61.5;70.9;90;47;1;0;0;0;0;19;203;5.19;5;7;4;2;2;"Atlanta";"SEP";33;"cluster_1"
76.6;53.5;65.0;85;39;0;0;0;0;0;55;63;0.0;0;0;0;0;0;"Atlanta";"OCT";34;"cluster_3"
62.5;40.5;51.5;74;25;0;0;7;0;0;398;0;3.81;12;9;6;4;1;"Atlanta";"NOV";35;"cluster_0"
44.4;26.5;35.5;61;11;0;1;25;0;0;907;0;5.86;14;8;8;3;2;"Atlanta";"DEC";36;"cluster_4"
54.2;30.1;42.1;73;14;0;0;22;0;0;702;0;5.25;85;12;7;3;3;"Augusta";"JAN";37;"cluster_0"
55.7;31.2;43.5;73;20;0;0;17;0;0;599;0;3.48;91;10;5;4;0;"Augusta";"FEB";38;"cluster_0"
72.8;44.8;58.8;87;29;0;0;1;0;0;206;21;3.88;26;7;6;3;1;"Augusta";"MAR";39;"cluster_3"
77.5;52.9;65.2;90;35;1;0;0;0;0;80;93;3.9;21;8;6;3;2;"Augusta";"APR";40;"cluster_3"
83.6;58.1;70.8;96;35;8;0;0;0;0;31;219;2.66;16;7;4;2;1;"Augusta";"MAY";41;"cluster_1"
88.1;66.7;77.4;100;58;13;0;0;0;0;0;377;4.77;13;12;9;4;1;"Augusta";"JUN";42;"cluster_1"
90.0;68.5;79.3;95;57;20;0;0;0;0;0;449;3.03;66;14;9;1;0;"Augusta";"JUL";43;"cluster_1"
92.7;69.5;81.1;98;62;24;0;0;1;0;0;511;1.58;95;6;3;1;0;"Augusta";"AUG";44;"cluster_1"
82.8;60.9;71.9;95;51;9;0;0;0;0;11;226;4.48;43;9;6;2;1;"Augusta";"SEP";45;"cluster_1"
79.2;48.1;63.7;88;29;0;0;2;0;0;75;42;0.01;1;1;0;0;0;"Augusta";"OCT";46;"cluster_3"
68.9;40.1;54.5;80;23;0;0;8;0;0;308;2;3.63;20;8;6;3;1;"Augusta";"NOV";47;"cluster_3"
51.2;27.7;39.5;66;16;0;0;26;0;0;782;0;5.39;30;7;6;6;2;"Augusta";"DEC";48;"cluster_0"
19.8;2.4;11.1;45;-21;0;25;31;0;18;1663;0;0.85;28;8;4;0;0;"Aurora";"JAN";49;"cluster_2"
27.5;5.4;16.3;47;-16;0;18;27;0;12;1309;0;1.07;24;11;5;0;0;"Aurora";"FEB";50;"cluster_4"
49.9;30.4;40.2;79;9;0;0;21;0;0;759;0;2.67;46;12;9;0;0;"Aurora";"MAR";51;"cluster_0"
63.7;39.0;51.4;80;24;0;0;8;0;0;403;3;5.01;3;12;5;2;2;"Aurora";"APR";52;"cluster_0"
69.7;45.7;57.6;88;29;0;0;2;0;0;236;23;2.85;32;10;5;2;1;"Aurora";"MAY";53;"cluster_3"
83.9;58.0;71.0;95;44;7;0;0;0;0;26;212;3.21;47;9;6;2;1;"Aurora";"JUN";54;"cluster_1"
84.1;61.8;73.0;97;44;3;0;0;0;0;4;259;7.6;65;11;7;4;2;"Aurora";"JUL";55;"cluster_1"
80.9;57.8;69.3;89;44;0;0;0;0;0;15;158;0.66;40;10;1;0;0;"Aurora";"AUG";56;"cluster_3"
76.6;52.1;64.3;88;37;0;0;0;0;0;91;77;2.92;40;6;5;2;1;"Aurora";"SEP";57;"cluster_3"
75.3;49.0;62.1;90;30;1;0;1;0;0;124;46;0.66;20;6;3;0;0;"Aurora";"OCT";58;"cluster_3"
53.4;34.3;43.8;68;18;0;0;18;0;0;628;0;1.93;80;4;3;2;0;"Aurora";"NOV";59;"cluster_0"
24.6;5.3;14.9;59;-13;0;24;31;0;16;1547;0;0.58;22;6;3;0;0;"Aurora";"DEC";60;"cluster_2"
24.7;3.0;13.8;53;-26;0;19;28;0;17;1581;0;2.23;41;18;8;0;0;"Billings";"JAN";61;"cluster_2"
48.0;25.6;36.8;65;-2;0;2;19;0;2;783;0;0.31;14;6;1;0;0;"Billings";"FEB";62;"cluster_0"
52.3;29.2;40.7;72;15;0;1;20;0;0;750;0;0.39;16;7;2;0;0;"Billings";"MAR";63;"cluster_0"
54.7;34.0;44.4;78;22;0;2;13;0;0;612;0;2.38;56;10;7;1;0;"Billings";"APR";64;"cluster_0"
65.1;42.6;53.9;80;31;0;0;2;0;0;343;4;2.49;63;16;7;1;0;"Billings";"MAY";65;"cluster_3"
73.2;51.0;62.1;90;45;2;0;0;0;0;124;46;3.16;80;15;6;2;0;"Billings";"JUN";66;"cluster_3"
85.5;57.3;71.4;98;50;9;0;0;0;0;10;219;0.49;38;4;1;0;0;"Billings";"JUL";67;"cluster_1"
85.0;56.9;71.0;95;49;9;0;0;0;0;9;200;0.39;32;3;1;0;0;"Billings";"AUG";68;"cluster_1"
77.4;53.0;65.2;92;46;4;0;0;0;0;61;78;1.29;99;6;2;1;0;"Billings";"SEP";69;"cluster_3"
67.5;42.0;54.8;90;22;1;0;5;0;0;333;22;0.31;19;4;1;0;0;"Billings";"OCT";70;"cluster_3"
48.8;27.2;38.0;64;4;0;1;24;0;0;802;0;0.05;4;2;0;0;0;"Billings";"NOV";71;"cluster_0"
30.5;14.2;22.3;56;-16;0;16;28;0;8;1316;0;1.43;38;10;4;0;0;"Billings";"DEC";72;"cluster_4"
57.0;38.2;47.6;67;10;0;0;9;0;0;533;0;7.23;95;9;8;4;4;"Biloxi";"JAN";73;"cluster_0"
59.9;38.8;49.3;71;27;0;0;8;0;0;433;0;4.68;98;5;5;3;2;"Biloxi";"FEB";74;"cluster_0"
72.2;53.9;63.0;82;39;0;0;0;0;0;111;58;1.4;15;4;2;1;1;"Biloxi";"MAR";75;"cluster_3"
79.9;64.3;72.1;86;48;0;0;0;2;0;6;225;1.0;0;1;1;1;1;"Biloxi";"APR";76;"cluster_1"
84.7;68.0;76.3;89;55;0;0;0;2;0;0;359;3.37;29;4;3;3;2;"Biloxi";"MAY";77;"cluster_1"
88.4;72.4;80.4;97;67;11;0;0;8;0;0;470;7.5;75;12;10;6;3;"Biloxi";"JUN";78;"cluster_1"
89.1;74.8;82.0;93;69;15;0;0;17;0;0;533;5.43;55;13;10;3;2;"Biloxi";"JUL";79;"cluster_1"
90.9;74.0;82.5;95;68;22;0;0;16;0;0;550;3.92;74;7;6;3;1;"Biloxi";"AUG";80;"cluster_1"
87.5;69.9;78.7;96;54;14;0;0;8;0;0;417;3.26;25;7;4;2;1;"Biloxi";"SEP";81;"cluster_1"
83.4;59.5;71.4;90;43;3;0;0;0;0;14;221;0.35;23;2;2;0;0;"Biloxi";"OCT";82;"cluster_1"
70.3;51.3;60.8;78;33;0;0;0;0;0;140;21;3.75;50;6;4;3;2;"Biloxi";"NOV";83;"cluster_3"
56.5;35.5;46.0;69;20;0;0;10;0;0;579;0;7.42;93;10;9;6;3;"Biloxi";"DEC";84;"cluster_0"
48.8;27.6;38.2;70;-2;0;3;20;0;1;822;0;7.32;99;14;10;3;2;"Birmingham";"JAN";85;"cluster_0"
53.6;27.9;40.8;69;9;0;0;22;0;0;672;0;3.25;52;7;4;2;1;"Birmingham";"FEB";86;"cluster_0"
71.5;45.2;58.4;86;32;0;0;1;0;0;225;29;6.31;38;10;6;4;2;"Birmingham";"MAR";87;"cluster_3"
76.4;54.0;65.2;87;37;0;0;0;0;0;84;97;6.7;44;9;6;4;3;"Birmingham";"APR";88;"cluster_3"
81.5;59.5;70.5;91;38;1;0;0;0;0;25;200;3.72;33;6;5;3;1;"Birmingham";"MAY";89;"cluster_1"
87.5;67.1;77.3;98;57;12;0;0;0;0;0;376;8.44;30;10;8;4;3;"Birmingham";"JUN";90;"cluster_1"
87.8;69.5;78.7;94;58;9;0;0;0;0;0;433;6.54;36;18;13;4;1;"Birmingham";"JUL";91;"cluster_1"
90.3;69.7;80.0;95;58;22;0;0;4;0;0;473;1.53;53;1;1;1;1;"Birmingham";"AUG";92;"cluster_1"
84.8;62.1;73.5;94;53;11;0;0;0;0;4;265;1.21;53;5;4;1;0;"Birmingham";"SEP";93;"cluster_1"
82.1;52.8;67.5;91;33;1;0;0;0;0;35;118;0.11;11;1;1;0;0;"Birmingham";"OCT";94;"cluster_3"
65.1;41.9;53.5;78;27;0;0;7;0;0;350;12;4.0;55;8;7;2;1;"Birmingham";"NOV";95;"cluster_3"
46.9;26.6;36.8;66;11;0;0;25;0;0;869;0;5.94;77;10;8;3;1;"Birmingham";"DEC";96;"cluster_4"
14.0;-8.1;3.0;52;-31;0;25;30;0;23;1915;0;0.32;13;5;1;0;0;"Bismarck";"JAN";97;"cluster_2"
28.5;4.5;16.5;61;-20;0;16;28;0;10;1349;0;0.48;16;8;1;0;0;"Bismarck";"FEB";98;"cluster_4"
49.0;23.1;36.0;80;7;0;4;27;0;0;890;0;0.29;13;7;1;0;0;"Bismarck";"MAR";99;"cluster_4"
55.4;32.3;43.9;80;19;0;1;17;0;0;628;0;1.98;39;15;8;0;0;"Bismarck";"APR";100;"cluster_0"
67.3;43.3;55.3;90;24;1;0;2;0;0;308;15;2.61;70;14;5;2;0;"Bismarck";"MAY";101;"cluster_3"
79.4;56.9;68.2;93;48;1;0;0;0;0;26;129;5.45;98;11;9;6;0;"Bismarck";"JUN";102;"cluster_3"
85.3;58.5;71.8;101;51;8;0;0;0;0;3;223;2.76;22;10;5;1;1;"Bismarck";"JUL";103;"cluster_1"
83.3;54.9;69.1;98;40;7;0;0;0;0;26;162;1.39;47;12;6;0;0;"Bismarck";"AUG";104;"cluster_3"
76.0;45.8;60.9;96;31;2;0;1;0;0;139;23;0.72;24;7;4;0;0;"Bismarck";"SEP";105;"cluster_3"
70.9;39.0;54.9;95;21;1;0;7;0;0;311;9;1.18;99;3;2;1;0;"Bismarck";"OCT";106;"cluster_3"
46.8;19.6;33.2;65;6;0;4;30;0;0;945;0;0.0;0;0;0;0;0;"Bismarck";"NOV";107;"cluster_4"
21.6;-0.4;10.6;52;-30;0;21;31;0;17;1677;0;0.81;40;8;2;0;0;"Bismarck";"DEC";108;"cluster_2"
32.0;14.5;23.3;46;-7;0;16;30;0;3;1286;0;1.13;49;8;3;0;0;"Boise";"JAN";109;"cluster_4"
52.6;34.0;43.3;64;25;0;0;11;0;0;600;0;1.7;54;8;7;1;0;"Boise";"FEB";110;"cluster_0"
55.5;33.0;44.2;73;21;0;0;18;0;0;636;0;0.21;7;8;0;0;0;"Boise";"MAR";111;"cluster_0"
59.1;37.4;48.2;81;27;0;0;7;0;0;498;0;1.65;40;14;6;0;0;"Boise";"APR";112;"cluster_0"
72.9;48.7;60.8;86;39;0;0;0;0;0;164;41;0.85;32;11;3;0;0;"Boise";"MAY";113;"cluster_3"
76.0;51.8;63.9;93;42;4;0;0;0;0;124;96;1.9;66;12;7;1;0;"Boise";"JUN";114;"cluster_3"
88.7;55.6;72.2;99;46;16;0;0;0;0;2;234;0.0;0;0;0;0;0;"Boise";"JUL";115;"cluster_1"
89.1;57.8;73.4;104;48;18;0;0;0;0;2;272;0.64;59;2;1;1;0;"Boise";"AUG";116;"cluster_1"
84.5;57.3;70.9;100;47;12;0;0;0;0;21;205;0.75;26;9;2;0;0;"Boise";"SEP";117;"cluster_1"
69.1;46.5;57.8;91;25;1;0;3;0;0;252;36;0.99;44;10;3;0;0;"Boise";"OCT";118;"cluster_3"
51.7;35.6;43.7;67;23;0;0;10;0;0;631;0;2.41;53;13;8;2;0;"Boise";"NOV";119;"cluster_0"
34.2;22.0;28.1;43;10;0;12;31;0;0;1138;0;1.02;44;8;5;0;0;"Boise";"DEC";120;"cluster_4"
36.5;22.4;29.4;54;4;0;10;27;0;0;1094;0;3.13;84;11;6;2;0;"Boston";"JAN";121;"cluster_4"
34.4;17.4;25.9;49;-3;0;11;28;0;1;1087;0;2.6;3;8;4;2;1;"Boston";"FEB";122;"cluster_4"
46.2;31.9;39.0;78;21;0;2;19;0;0;798;0;4.39;29;13;8;4;1;"Boston";"MAR";123;"cluster_0"
57.8;39.9;48.9;75;28;0;0;2;0;0;477;0;1.48;51;7;5;1;0;"Boston";"APR";124;"cluster_0"
69.3;49.5;59.4;88;36;0;0;0;0;0;196;32;2.86;76;9;7;3;0;"Boston";"MAY";125;"cluster_3"
79.2;59.7;69.4;95;49;4;0;0;0;0;38;179;1.92;69;11;5;2;0;"Boston";"JUN";126;"cluster_3"
83.6;65.7;74.7;98;55;10;0;0;3;0;1;310;1.72;51;6;5;1;0;"Boston";"JUL";127;"cluster_1"
79.2;61.6;70.4;91;54;1;0;0;0;0;3;182;1.67;41;11;8;0;0;"Boston";"AUG";128;"cluster_1"
68.8;52.8;60.8;87;39;0;0;0;0;0;160;43;3.05;46;10;6;2;1;"Boston";"SEP";129;"cluster_3"
69.9;50.1;60.0;90;35;1;0;0;0;0;198;49;1.25;4;4;2;1;1;"Boston";"OCT";130;"cluster_3"
54.6;41.9;48.2;71;30;0;0;2;0;0;495;0;7.74;34;12;9;4;3;"Boston";"NOV";131;"cluster_0"
31.4;20.3;25.8;52;3;0;19;30;0;0;1207;0;3.03;66;11;9;2;0;"Boston";"DEC";132;"cluster_4"
25.6;1.7;13.7;51;-27;0;18;30;0;15;1582;0;0.38;10;12;1;0;0;"Casper";"JAN";133;"cluster_2"
45.0;19.7;32.4;63;-5;0;2;26;0;2;906;0;0.49;20;9;2;0;0;"Casper";"FEB";134;"cluster_4"
46.2;23.3;34.8;67;3;0;6;26;0;0;928;0;0.35;11;6;1;0;0;"Casper";"MAR";135;"cluster_4"
54.8;29.9;42.3;75;22;0;0;22;0;0;672;0;2.07;54;13;7;1;0;"Casper";"APR";136;"cluster_0"
69.3;41.0;55.1;83;31;0;0;1;0;0;300;2;0.8;18;8;4;0;0;"Casper";"MAY";137;"cluster_3"
79.6;50.1;64.9;95;43;2;0;0;0;0;54;59;0.94;42;5;3;0;0;"Casper";"JUN";138;"cluster_3"
88.2;55.8;72.0;96;48;12;0;0;0;0;3;229;1.2;68;6;2;1;0;"Casper";"JUL";139;"cluster_1"
84.7;56.1;70.4;91;48;5;0;0;0;0;8;183;0.39;10;8;2;0;0;"Casper";"AUG";140;"cluster_1"
79.2;49.0;64.1;88;41;0;0;0;0;0;56;37;0.33;12;6;1;0;0;"Casper";"SEP";141;"cluster_3"
68.6;40.6;54.6;84;15;0;0;5;0;0;324;8;0.33;30;4;1;0;0;"Casper";"OCT";142;"cluster_3"
49.8;26.7;38.3;64;11;0;0;24;0;0;795;0;0.31;11;4;2;0;0;"Casper";"NOV";143;"cluster_0"
35.1;14.6;24.9;52;-14;0;9;29;0;5;1235;0;0.31;12;6;1;0;0;"Casper";"DEC";144;"cluster_4"
18.5;2.9;10.7;48;-19;0;27;31;0;18;1677;0;0.98;20;10;5;0;0;"CedarRapids";"JAN";145;"cluster_2"
28.9;8.8;18.9;46;-12;0;15;27;0;7;1284;0;0.4;17;8;1;0;0;"CedarRapids";"FEB";146;"cluster_4"
50.5;31.1;40.8;76;9;0;0;18;0;0;743;0;2.92;67;10;6;3;0;"CedarRapids";"MAR";147;"cluster_0"
64.3;41.3;52.8;81;29;0;0;4;0;0;366;6;3.8;10;11;8;3;1;"CedarRapids";"APR";148;"cluster_3"
71.5;48.8;60.2;89;30;0;0;2;0;0;186;40;1.4;64;11;2;1;0;"CedarRapids";"MAY";149;"cluster_3"
86.3;60.4;73.3;98;45;12;0;0;0;0;8;266;0.79;50;3;3;1;0;"CedarRapids";"JUN";150;"cluster_1"
84.9;62.8;73.8;99;52;6;0;0;0;0;3;286;6.86;26;12;8;5;3;"CedarRapids";"JUL";151;"cluster_1"
81.3;60.1;70.7;97;48;2;0;0;0;0;13;197;4.25;37;10;6;3;1;"CedarRapids";"AUG";152;"cluster_1"
76.5;54.0;65.2;87;41;0;0;0;0;0;74;89;3.46;71;7;3;2;2;"CedarRapids";"SEP";153;"cluster_3"
74.9;51.4;63.2;90;31;1;0;1;0;0;101;53;0.98;70;6;2;1;0;"CedarRapids";"OCT";154;"cluster_3"
51.7;33.9;42.8;66;19;0;0;15;0;0;661;0;2.26;22;5;4;2;1;"CedarRapids";"NOV";155;"cluster_0"
23.5;6.3;14.9;52;-19;0;22;31;0;13;1546;0;0.75;25;6;3;0;0;"CedarRapids";"DEC";156;"cluster_2"
56.1;34.5;45.3;73;16;0;0;12;0;0;604;0;3.14;22;14;7;2;1;"Charleston";"JAN";157;"cluster_0"
56.4;34.2;45.3;75;23;0;0;12;0;0;545;0;4.9;25;11;6;4;1;"Charleston";"FEB";158;"cluster_0"
73.5;48.3;60.9;90;34;1;0;0;0;0;172;51;0.99;24;9;4;0;0;"Charleston";"MAR";159;"cluster_3"
77.2;54.4;65.8;92;39;4;0;0;0;0;69;101;2.68;20;5;3;1;1;"Charleston";"APR";160;"cluster_3"
82.8;60.3;71.5;96;36;7;0;0;0;0;29;237;1.7;54;8;6;1;0;"Charleston";"MAY";161;"cluster_1"
88.3;70.0;79.1;98;62;16;0;0;0;0;0;432;14.34;20;15;12;7;6;"Charleston";"JUN";162;"cluster_1"
89.3;70.4;79.8;95;62;15;0;0;2;0;0;469;7.94;36;12;9;4;3;"Charleston";"JUL";163;"cluster_1"
90.0;71.7;80.9;98;63;16;0;0;5;0;0;497;6.34;0;12;9;4;2;"Charleston";"AUG";164;"cluster_1"
83.8;63.8;73.8;95;54;4;0;0;0;0;2;270;2.75;90;8;7;2;0;"Charleston";"SEP";165;"cluster_1"
80.5;53.8;67.1;86;37;0;0;0;0;0;33;110;2.27;84;3;2;1;1;"Charleston";"OCT";166;"cluster_3"
70.1;44.4;57.2;80;29;0;0;4;0;0;233;7;4.74;33;10;7;2;1;"Charleston";"NOV";167;"cluster_3"
55.5;32.1;43.8;69;20;0;0;20;0;0;650;0;3.18;38;7;5;3;1;"Charleston";"DEC";168;"cluster_0"
38.9;16.9;27.9;65;-12;0;10;26;0;4;1143;0;1.85;78;14;5;1;0;"Charleston,WV";"JAN";169;"cluster_4"
39.4;18.5;28.9;62;-4;0;10;26;0;3;1002;0;2.7;93;13;7;2;0;"Charleston,WV";"FEB";170;"cluster_4"
60.6;38.3;49.5;82;21;0;0;6;0;0;476;3;6.37;50;14;9;5;3;"Charleston,WV";"MAR";171;"cluster_0"
69.6;42.5;56.0;87;28;0;0;6;0;0;302;42;1.21;33;12;5;0;0;"Charleston,WV";"APR";172;"cluster_3"
73.8;48.8;61.3;92;28;1;0;2;0;0;148;43;3.48;9;14;9;3;1;"Charleston,WV";"MAY";173;"cluster_3"
80.2;57.9;69.1;90;44;2;0;0;0;0;26;154;2.67;80;11;8;1;0;"Charleston,WV";"JUN";174;"cluster_3"
83.2;60.7;71.9;91;46;4;0;0;0;0;10;233;3.06;9;8;5;3;1;"Charleston,WV";"JUL";175;"cluster_1"
80.4;60.0;70.2;91;48;1;0;0;0;0;6;173;2.85;23;7;6;2;1;"Charleston,WV";"AUG";176;"cluster_3"
77.3;51.7;64.5;90;34;1;0;0;0;0;81;74;1.34;70;4;4;1;0;"Charleston,WV";"SEP";177;"cluster_3"
76.1;42.3;59.2;84;28;0;0;2;0;0;177;5;0.09;6;3;0;0;0;"Charleston,WV";"OCT";178;"cluster_3"
55.9;36.4;46.2;72;23;0;0;12;0;0;558;0;3.19;23;9;8;2;1;"Charleston,WV";"NOV";179;"cluster_0"
32.9;19.2;26.1;59;-2;0;16;29;0;3;1200;0;1.44;59;9;5;1;0;"Charleston,WV";"DEC";180;"cluster_4"
28.7;4.7;16.7;52;-27;0;17;30;0;12;1490;0;0.51;12;8;3;0;0;"Cheyenne";"JAN";181;"cluster_2"
44.5;21.5;33.0;63;-5;0;3;23;0;3;890;0;0.17;8;6;0;0;0;"Cheyenne";"FEB";182;"cluster_4"
43.9;19.7;31.8;72;-9;0;8;26;0;2;1023;0;0.74;31;10;1;0;0;"Cheyenne";"MAR";183;"cluster_4"
56.3;31.0;43.7;75;20;0;0;20;0;0;633;0;1.66;72;11;5;1;0;"Cheyenne";"APR";184;"cluster_0"
71.0;40.6;55.8;81;31;0;0;2;0;0;277;0;1.14;45;6;4;0;0;"Cheyenne";"MAY";185;"cluster_3"
78.2;49.8;64.0;94;43;4;0;0;0;0;89;65;2.84;4;10;4;2;1;"Cheyenne";"JUN";186;"cluster_3"
88.2;57.1;72.7;95;52;14;0;0;0;0;3;246;0.77;24;9;3;0;0;"Cheyenne";"JUL";187;"cluster_1"
81.0;55.6;68.3;93;47;1;0;0;0;0;10;122;2.28;50;12;5;1;0;"Cheyenne";"AUG";188;"cluster_3"
76.7;49.5;63.1;86;41;0;0;0;0;0;76;28;3.28;30;7;5;2;1;"Cheyenne";"SEP";189;"cluster_3"
68.1;40.7;54.4;82;21;0;0;4;0;0;323;2;1.06;94;4;2;1;0;"Cheyenne";"OCT";190;"cluster_3"
53.8;26.2;40.0;67;15;0;0;26;0;0;742;0;0.02;2;1;0;0;0;"Cheyenne";"NOV";191;"cluster_0"
38.4;15.4;26.9;57;-11;0;10;29;0;6;1174;0;0.42;16;6;2;0;0;"Cheyenne";"DEC";192;"cluster_4"
19.3;3.7;11.5;43;-19;0;25;30;0;17;1650;0;0.84;29;9;3;0;0;"Chicago1958+";"JAN";193;"cluster_2"
27.4;6.4;16.9;48;-9;0;19;28;0;12;1339;0;0.36;12;8;1;0;0;"Chicago1958+";"FEB";194;"cluster_4"
49.4;30.2;39.8;80;3;0;0;19;0;0;776;0;2.26;37;17;8;0;0;"Chicago1958+";"MAR";195;"cluster_0"
62.4;39.3;50.9;82;26;0;0;9;0;0;425;10;4.88;67;11;7;4;1;"Chicago1958+";"APR";196;"cluster_0"
67.5;45.1;56.3;90;29;1;0;2;0;0;281;20;1.92;85;6;5;1;0;"Chicago1958+";"MAY";197;"cluster_3"
82.2;55.7;68.9;92;36;7;0;0;0;0;59;181;2.3;65;6;5;2;0;"Chicago1958+";"JUN";198;"cluster_3"
82.9;61.2;72.0;95;45;2;0;0;0;0;16;243;4.09;98;7;4;2;2;"Chicago1958+";"JUL";199;"cluster_1"
79.7;57.3;68.5;91;42;1;0;0;0;0;24;142;2.73;10;7;5;2;1;"Chicago1958+";"AUG";200;"cluster_3"
77.5;52.1;64.8;90;38;1;0;0;0;0;86;86;2.88;36;6;5;2;1;"Chicago1958+";"SEP";201;"cluster_3"
74.8;46.1;60.4;91;27;1;0;5;0;0;176;41;0.28;11;6;1;0;0;"Chicago1958+";"OCT";202;"cluster_3"
52.0;31.7;41.9;69;18;0;0;18;0;0;684;0;2.0;87;6;4;2;0;"Chicago1958+";"NOV";203;"cluster_0"
23.1;3.4;13.2;56;-16;0;25;31;0;15;1598;0;0.73;29;9;3;0;0;"Chicago1958+";"DEC";204;"cluster_2"
35.9;14.1;25.1;58;-20;0;10;29;0;5;1189;0;1.5;68;7;3;1;0;"Cincinnati";"JAN";205;"cluster_4"
39.8;18.3;29.0;62;-2;0;8;25;0;2;1002;0;0.86;24;9;5;0;0;"Cincinnati";"FEB";206;"cluster_4"
59.2;37.7;48.5;80;22;0;0;10;0;0;507;1;10.38;34;12;11;7;4;"Cincinnati";"MAR";207;"cluster_0"
69.7;43.7;56.7;85;30;0;0;5;0;0;281;39;2.42;73;10;5;2;0;"Cincinnati";"APR";208;"cluster_3"
75.3;49.9;62.6;90;32;1;0;1;0;0;124;56;3.54;51;8;4;2;1;"Cincinnati";"MAY";209;"cluster_3"
84.9;59.6;72.3;93;46;8;0;0;0;0;8;233;3.35;33;8;6;2;1;"Cincinnati";"JUN";210;"cluster_1"
86.1;63.4;74.7;91;51;6;0;0;0;0;0;309;4.41;86;10;6;4;1;"Cincinnati";"JUL";211;"cluster_1"
83.6;61.2;72.4;99;49;5;0;0;0;0;1;236;2.87;33;10;5;2;1;"Cincinnati";"AUG";212;"cluster_1"
80.8;52.9;66.8;90;32;3;0;1;0;0;55;119;0.42;42;1;1;0;0;"Cincinnati";"SEP";213;"cluster_3"
79.2;45.4;62.3;87;29;0;0;1;0;0;106;28;0.08;8;1;0;0;0;"Cincinnati";"OCT";214;"cluster_3"
58.1;36.5;47.3;74;23;0;0;9;0;0;522;0;0.77;22;10;3;0;0;"Cincinnati";"NOV";215;"cluster_0"
33.8;17.1;25.5;61;-5;0;18;31;0;3;1220;0;0.89;43;7;3;0;0;"Cincinnati";"DEC";216;"cluster_4"
25.9;10.0;18.0;44;-19;0;18;31;0;9;1452;0;1.06;22;12;6;0;0;"Cleveland";"JAN";217;"cluster_2"
27.0;8.0;17.5;45;-15;0;15;27;0;7;1327;0;0.73;13;13;3;0;0;"Cleveland";"FEB";218;"cluster_4"
48.3;29.9;39.1;80;5;0;4;20;0;0;793;0;2.83;38;19;9;0;0;"Cleveland";"MAR";219;"cluster_0"
58.5;38.3;48.4;81;26;0;0;9;0;0;500;9;2.41;71;11;9;2;0;"Cleveland";"APR";220;"cluster_0"
65.7;43.7;54.7;87;26;0;0;3;0;0;328;19;1.0;21;12;4;0;0;"Cleveland";"MAY";221;"cluster_3"
79.8;55.7;67.7;93;41;3;0;0;0;0;52;142;1.93;3;6;3;2;1;"Cleveland";"JUN";222;"cluster_3"
82.4;60.1;71.3;93;44;5;0;0;0;0;30;231;1.88;82;10;4;1;0;"Cleveland";"JUL";223;"cluster_1"
76.5;56.9;66.7;86;48;0;0;0;0;0;32;93;1.7;31;12;7;0;0;"Cleveland";"AUG";224;"cluster_3"
71.6;48.9;60.2;86;35;0;0;0;0;0;152;16;2.0;17;4;3;2;1;"Cleveland";"SEP";225;"cluster_3"
71.3;47.5;59.4;86;35;0;0;0;0;0;191;24;0.71;44;5;2;0;0;"Cleveland";"OCT";226;"cluster_3"
50.4;37.3;43.8;64;25;0;0;8;0;0;627;0;1.33;43;15;4;0;0;"Cleveland";"NOV";227;"cluster_0"
26.9;16.9;21.9;51;-4;0;25;31;0;2;1326;0;1.05;25;16;4;0;0;"Cleveland";"DEC";228;"cluster_4"
35.9;7.9;21.9;66;-21;0;10;31;0;10;1328;0;0.53;31;9;1;0;0;"ColoradoSprings";"JAN";229;"cluster_4"
52.0;25.4;38.7;76;3;0;1;23;0;0;730;0;0.2;10;4;1;0;0;"ColoradoSprings";"FEB";230;"cluster_0"
51.9;24.8;38.4;80;5;0;3;23;0;0;817;0;0.62;34;6;2;0;0;"ColoradoSprings";"MAR";231;"cluster_0"
65.7;36.2;50.9;78;26;0;0;9;0;0;415;0;0.02;2;1;0;0;0;"ColoradoSprings";"APR";232;"cluster_0"
74.9;45.5;60.2;87;35;0;0;0;0;0;167;26;0.77;23;11;2;0;0;"ColoradoSprings";"MAY";233;"cluster_3"
84.4;53.6;69.0;98;47;10;0;0;0;0;30;160;1.22;41;6;3;0;0;"ColoradoSprings";"JUN";234;"cluster_3"
90.3;60.7;75.5;99;55;20;0;0;0;0;0;334;1.35;46;12;4;0;0;"ColoradoSprings";"JUL";235;"cluster_1"
81.5;58.0;69.8;96;53;1;0;0;0;0;4;159;5.22;30;18;11;3;1;"ColoradoSprings";"AUG";236;"cluster_3"
78.2;52.5;65.3;87;40;0;0;0;0;0;34;53;1.84;55;7;5;1;0;"ColoradoSprings";"SEP";237;"cluster_3"
72.0;44.4;58.2;83;27;0;0;1;0;0;211;8;0.39;39;1;1;0;0;"ColoradoSprings";"OCT";238;"cluster_3"
56.0;28.1;42.1;71;20;0;0;22;0;0;680;0;0.46;32;2;2;0;0;"ColoradoSprings";"NOV";239;"cluster_0"
40.4;13.9;27.1;60;-7;0;9;31;0;5;1165;0;0.62;42;3;2;0;0;"ColoradoSprings";"DEC";240;"cluster_4"
57.0;32.2;44.4;79;7;0;1;17;0;0;614;3;5.88;25;12;9;3;2;"Columbia";"JAN";241;"cluster_0"
61.5;32.4;47.0;81;20;0;0;15;0;0;508;7;3.43;15;7;5;4;1;"Columbia";"FEB";242;"cluster_0"
77.9;47.7;62.8;89;30;0;0;6;0;0;149;88;3.16;50;10;4;2;1;"Columbia";"MAR";243;"cluster_3"
83.3;57.4;70.3;91;41;4;0;0;0;0;23;189;0.5;26;4;2;0;0;"Columbia";"APR";244;"cluster_1"
89.5;61.6;75.6;96;47;20;0;0;0;0;3;339;2.41;22;3;3;2;1;"Columbia";"MAY";245;"cluster_1"
93.5;67.3;80.4;105;58;21;0;0;0;0;0;467;4.05;26;8;7;3;1;"Columbia";"JUN";246;"cluster_1"
93.4;70.2;81.8;98;63;29;0;0;2;0;0;528;5.45;30;16;8;2;2;"Columbia";"JUL";247;"cluster_1"
95.6;69.0;82.3;100;57;30;0;0;1;0;0;546;3.69;43;8;5;2;2;"Columbia";"AUG";248;"cluster_1"
88.5;64.2;76.4;99;46;16;0;0;0;0;3;352;1.7;81;8;4;1;0;"Columbia";"SEP";249;"cluster_1"
87.4;51.3;69.3;95;30;10;0;1;0;0;25;165;0.19;11;2;1;0;0;"Columbia";"OCT";250;"cluster_3"
71.0;44.6;57.8;82;23;0;0;8;0;0;226;18;3.77;44;9;8;1;1;"Columbia";"NOV";251;"cluster_3"
54.8;30.2;42.5;74;15;0;0;23;0;0;689;0;5.75;32;10;8;5;2;"Columbia";"DEC";252;"cluster_0"
53.4;29.1;41.3;76;14;0;0;22;0;0;726;0;5.38;35;12;9;3;3;"ColumbiaSC";"JAN";253;"cluster_0"
54.1;29.8;41.9;68;17;0;0;15;0;0;641;0;3.94;13;11;6;4;1;"ColumbiaSC";"FEB";254;"cluster_0"
72.7;45.2;58.9;88;28;0;0;1;0;0;208;27;3.28;55;10;5;2;1;"ColumbiaSC";"MAR";255;"cluster_3"
77.6;52.9;65.3;92;35;4;0;0;0;0;86;102;4.18;28;8;7;3;1;"ColumbiaSC";"APR";256;"cluster_3"
83.4;58.4;70.9;96;34;10;0;0;0;0;41;230;2.87;1;6;4;1;1;"ColumbiaSC";"MAY";257;"cluster_1"
87.4;67.5;77.4;102;59;14;0;0;1;0;0;377;4.84;46;12;8;4;1;"ColumbiaSC";"JUN";258;"cluster_1"
91.0;68.7;79.8;96;58;23;0;0;0;0;0;466;2.48;65;8;5;3;0;"ColumbiaSC";"JUL";259;"cluster_1"
93.5;69.9;81.7;100;61;27;0;0;4;0;0;526;1.91;16;6;4;1;1;"ColumbiaSC";"AUG";260;"cluster_1"
83.5;61.1;72.3;96;47;8;0;0;0;0;14;240;3.98;25;6;6;2;1;"ColumbiaSC";"SEP";261;"cluster_1"
79.5;49.0;64.2;89;33;0;0;0;0;0;70;53;0.0;0;0;0;0;0;"ColumbiaSC";"OCT";262;"cluster_3"
67.2;41.4;54.3;79;26;0;0;7;0;0;311;1;4.2;53;7;7;3;1;"ColumbiaSC";"NOV";263;"cluster_3"
50.4;28.8;39.6;64;15;0;0;25;0;0;779;0;5.05;47;7;7;5;2;"ColumbiaSC";"DEC";264;"cluster_0"
48.8;27.6;38.2;76;8;0;5;17;0;0;821;0;0.49;35;3;2;0;0;"Dallas";"JAN";265;"cluster_0"
60.5;33.4;47.0;87;19;0;0;10;0;0;500;2;0.3;20;4;1;0;0;"Dallas";"FEB";266;"cluster_0"
74.2;49.4;61.8;87;30;0;0;1;0;0;170;76;0.66;45;4;2;0;0;"Dallas";"MAR";267;"cluster_3"
81.8;60.7;71.2;99;47;6;0;0;0;0;29;225;6.36;39;9;7;5;2;"Dallas";"APR";268;"cluster_1"
84.8;66.3;75.6;97;49;10;0;0;0;0;11;345;1.94;59;7;5;1;0;"Dallas";"MAY";269;"cluster_1"
92.7;73.9;83.3;99;68;25;0;0;13;0;0;556;1.48;18;3;2;1;1;"Dallas";"JUN";270;"cluster_1"
97.5;77.7;87.6;103;71;29;0;0;25;0;0;707;1.71;60;3;2;1;1;"Dallas";"JUL";271;"cluster_1"
98.8;78.0;88.4;103;71;31;0;0;25;0;0;732;0.02;2;1;0;0;0;"Dallas";"AUG";272;"cluster_1"
90.4;69.2;79.8;103;47;15;0;0;6;0;2;456;0.94;75;3;2;1;0;"Dallas";"SEP";273;"cluster_1"
86.1;60.2;73.2;94;45;11;0;0;0;0;7;265;0.01;1;1;0;0;0;"Dallas";"OCT";274;"cluster_1"
68.4;45.7;57.0;85;28;0;0;1;0;0;257;24;1.8;3;7;3;1;1;"Dallas";"NOV";275;"cluster_3"
50.1;31.0;40.6;68;10;0;2;18;0;0;749;0;1.81;22;7;4;1;1;"Dallas";"DEC";276;"cluster_0"
33.1;5.1;19.1;65;-25;0;14;31;0;12;1417;0;0.71;26;9;2;0;0;"Denver";"JAN";277;"cluster_2"
51.5;23.1;37.3;76;0;0;2;23;0;1;768;0;0.21;11;4;1;0;0;"Denver";"FEB";278;"cluster_0"
50.8;23.8;37.3;83;-3;0;4;24;0;1;848;0;1.42;47;8;4;0;0;"Denver";"MAR";279;"cluster_0"
65.7;34.3;50.0;83;27;0;0;12;0;0;442;0;0.03;2;2;0;0;0;"Denver";"APR";280;"cluster_0"
76.7;45.0;60.9;87;35;0;0;0;0;0;156;36;0.68;22;7;3;0;0;"Denver";"MAY";281;"cluster_3"
82.7;50.7;66.7;96;45;8;0;0;0;0;50;106;3.59;31;7;5;3;1;"Denver";"JUN";282;"cluster_3"
91.2;58.4;74.8;99;52;25;0;0;0;0;6;319;0.55;42;6;1;0;0;"Denver";"JUL";283;"cluster_1"
81.2;56.2;68.7;96;49;1;0;0;0;0;7;132;2.52;62;13;9;1;0;"Denver";"AUG";284;"cluster_3"
81.7;50.1;65.9;92;40;3;0;0;0;0;29;61;1.25;60;9;3;1;0;"Denver";"SEP";285;"cluster_3"
73.8;42.0;57.9;85;25;0;0;2;0;0;229;15;0.31;16;2;2;0;0;"Denver";"OCT";286;"cluster_3"
58.0;25.4;41.7;73;15;0;0;29;0;0;690;0;0.45;45;1;1;0;0;"Denver";"NOV";287;"cluster_0"
43.9;13.1;28.5;64;-11;0;7;31;0;5;1124;0;0.51;23;7;2;0;0;"Denver";"DEC";288;"cluster_4"
16.5;0.5;8.5;52;-22;0;28;31;0;19;1743;0;0.83;15;12;4;0;0;"DesMoines";"JAN";289;"cluster_2"
27.9;9.8;18.8;47;-14;0;18;28;0;10;1284;0;0.72;14;12;3;0;0;"DesMoines";"FEB";290;"cluster_4"
48.8;29.9;39.4;76;12;0;1;20;0;0;787;0;2.39;61;9;5;2;0;"DesMoines";"MAR";291;"cluster_0"
62.0;41.4;51.7;78;28;0;0;3;0;0;400;7;4.18;52;11;8;3;1;"DesMoines";"APR";292;"cluster_0"
69.1;50.3;59.7;88;32;0;0;1;0;0;195;39;3.94;5;10;7;3;1;"DesMoines";"MAY";293;"cluster_3"
84.8;63.1;73.9;96;49;9;0;0;0;0;3;279;1.13;38;9;5;0;0;"DesMoines";"JUN";294;"cluster_1"
85.7;66.0;75.8;97;58;2;0;0;0;0;0;344;4.01;17;7;6;3;2;"DesMoines";"JUL";295;"cluster_1"
80.3;62.5;71.3;97;51;2;0;0;1;0;18;222;4.83;21;8;6;3;3;"DesMoines";"AUG";296;"cluster_1"
75.8;56.0;65.9;87;43;0;0;0;0;0;54;90;1.88;51;9;4;1;0;"DesMoines";"SEP";297;"cluster_3"
76.4;52.5;64.5;95;28;2;0;1;0;0;95;85;2.56;87;7;2;2;1;"DesMoines";"OCT";298;"cluster_3"
52.8;33.5;43.1;67;20;0;0;16;0;0;649;0;1.36;3;3;3;1;1;"DesMoines";"NOV";299;"cluster_0"
23.5;6.8;15.1;59;-16;0;21;31;0;12;1538;0;0.54;20;4;3;0;0;"DesMoines";"DEC";300;"cluster_2"
22.4;12.0;17.2;41;-13;0;25;30;0;5;1473;0;0.64;15;11;1;0;0;"Detroit";"JAN";301;"cluster_2"
26.2;11.3;18.8;45;-1;0;18;27;0;2;1287;0;0.7;18;12;2;0;0;"Detroit";"FEB";302;"cluster_4"
45.5;29.7;37.6;77;10;0;1;18;0;0;838;0;2.47;63;17;8;1;0;"Detroit";"MAR";303;"cluster_0"
59.5;39.3;49.4;83;27;0;0;5;0;0;470;8;2.25;92;8;5;1;0;"Detroit";"APR";304;"cluster_0"
68.1;47.5;57.8;86;31;0;0;1;0;0;245;27;2.28;48;10;8;0;0;"Detroit";"MAY";305;"cluster_3"
82.6;59.0;70.8;94;46;7;0;0;0;0;26;208;3.1;3;6;4;1;1;"Detroit";"JUN";306;"cluster_1"
85.3;63.7;74.5;94;52;9;0;0;2;0;2;304;2.91;33;10;6;2;1;"Detroit";"JUL";307;"cluster_1"
80.0;60.2;70.1;91;49;4;0;0;0;0;9;175;1.71;65;8;4;2;0;"Detroit";"AUG";308;"cluster_3"
74.0;52.1;63.1;87;42;0;0;0;0;0;100;51;1.28;59;6;4;1;0;"Detroit";"SEP";309;"cluster_3"
74.7;50.7;62.7;92;33;2;0;0;0;0;131;66;0.51;41;3;1;0;0;"Detroit";"OCT";310;"cluster_3"
53.0;38.9;46.0;66;23;0;0;6;0;0;562;0;1.27;45;9;5;0;0;"Detroit";"NOV";311;"cluster_0"
29.1;18.5;23.8;51;5;0;21;30;0;0;1269;0;1.37;35;13;5;0;0;"Detroit";"DEC";312;"cluster_4"
9.2;-7.5;0.9;40;-31;0;28;31;0;22;1981;0;0.32;16;10;1;0;0;"Duluth";"JAN";313;"cluster_2"
16.8;-2.6;7.1;37;-27;0;26;28;0;15;1617;0;0.87;28;12;4;0;0;"Duluth";"FEB";314;"cluster_2"
37.5;17.4;27.4;63;-5;0;12;29;0;4;1159;0;1.5;34;15;6;0;0;"Duluth";"MAR";315;"cluster_4"
52.2;29.8;41.0;73;18;0;0;21;0;0;711;0;2.21;81;11;6;2;0;"Duluth";"APR";316;"cluster_0"
60.9;38.3;49.6;82;23;0;0;7;0;0;471;0;2.28;56;15;7;1;0;"Duluth";"MAY";317;"cluster_0"
73.5;49.1;61.3;92;33;1;0;0;0;0;160;59;4.04;47;12;7;3;1;"Duluth";"JUN";318;"cluster_3"
78.4;55.4;66.9;90;40;1;0;0;0;0;50;117;1.82;40;12;7;0;0;"Duluth";"JUL";319;"cluster_3"
74.5;51.2;62.9;90;41;1;0;0;0;0;107;49;2.96;32;11;6;2;1;"Duluth";"AUG";320;"cluster_3"
68.0;47.7;57.9;81;30;0;0;1;0;0;216;8;2.8;95;10;8;2;0;"Duluth";"SEP";321;"cluster_3"
66.6;45.3;55.9;84;27;0;0;1;0;0;280;6;1.01;0;2;1;1;1;"Duluth";"OCT";322;"cluster_3"
42.9;28.4;35.6;58;7;0;3;20;0;0;874;0;1.51;7;5;3;1;1;"Duluth";"NOV";323;"cluster_4"
16.5;2.7;9.6;38;-18;0;26;31;0;16;1710;0;1.08;69;10;3;1;0;"Duluth";"DEC";324;"cluster_2"
33.8;14.0;23.9;65;-18;0;13;27;0;7;1267;0;0.85;30;9;4;0;0;"Evansville";"JAN";325;"cluster_4"
40.1;17.2;28.7;64;-6;0;8;27;0;2;1008;0;0.62;32;6;1;0;0;"Evansville";"FEB";326;"cluster_4"
61.2;38.0;49.6;82;24;0;0;8;0;0;471;3;8.62;29;10;10;6;2;"Evansville";"MAR";327;"cluster_0"
70.2;45.2;57.7;85;30;0;0;2;0;0;250;42;1.13;53;7;2;1;0;"Evansville";"APR";328;"cluster_3"
76.2;50.4;63.3;90;28;1;0;2;0;0;112;68;3.62;32;11;8;1;1;"Evansville";"MAY";329;"cluster_3"
88.6;60.3;74.5;97;45;14;0;0;0;0;0;292;1.23;40;7;4;0;0;"Evansville";"JUN";330;"cluster_1"
88.7;64.7;76.7;96;51;15;0;0;0;0;0;369;5.2;38;13;9;4;2;"Evansville";"JUL";331;"cluster_1"
88.1;61.2;74.7;99;49;15;0;0;0;0;0;309;2.47;45;8;4;1;1;"Evansville";"AUG";332;"cluster_1"
82.7;52.5;67.6;92;39;5;0;0;0;0;44;130;1.0;84;4;2;1;0;"Evansville";"SEP";333;"cluster_3"
82.7;45.3;64.0;93;27;4;0;2;0;0;84;62;0.42;26;2;2;0;0;"Evansville";"OCT";334;"cluster_3"
59.4;34.7;47.1;73;21;0;0;16;0;0;532;0;1.53;80;6;4;1;0;"Evansville";"NOV";335;"cluster_0"
34.9;13.5;24.2;64;-9;0;14;29;0;4;1258;0;1.19;44;7;5;0;0;"Evansville";"DEC";336;"cluster_4"
10.9;-6.9;2.0;44;-27;0;27;31;0;23;1945;0;0.13;4;6;0;0;0;"Fargo";"JAN";337;"cluster_2"
21.0;-0.9;10.0;51;-22;0;24;28;0;15;1532;0;0.33;14;8;1;0;0;"Fargo";"FEB";338;"cluster_2"
41.9;16.1;29.0;77;-6;0;9;28;0;4;1112;0;0.51;14;8;2;0;0;"Fargo";"MAR";339;"cluster_4"
54.2;32.7;43.5;79;8;0;1;14;0;0;640;0;2.67;69;10;5;1;1;"Fargo";"APR";340;"cluster_0"
66.3;42.2;54.3;88;21;0;0;2;0;0;339;14;2.61;16;11;5;2;1;"Fargo";"MAY";341;"cluster_3"
79.6;58.0;68.8;96;40;3;0;0;0;0;45;166;1.69;54;10;6;1;0;"Fargo";"JUN";342;"cluster_3"
86.1;61.1;73.6;99;48;8;0;0;2;0;5;278;0.66;16;10;4;0;0;"Fargo";"JUL";343;"cluster_1"
81.9;58.6;70.3;97;46;6;0;0;0;0;14;183;4.41;10;9;7;3;1;"Fargo";"AUG";344;"cluster_1"
74.6;49.7;62.2;88;34;0;0;0;0;0;127;48;1.19;28;7;4;0;0;"Fargo";"SEP";345;"cluster_3"
71.0;43.5;57.2;93;24;1;0;5;0;0;262;27;0.23;18;4;1;0;0;"Fargo";"OCT";346;"cluster_3"
46.1;23.2;34.7;62;2;0;6;26;0;0;901;0;0.12;12;1;1;0;0;"Fargo";"NOV";347;"cluster_4"
17.9;-0.8;8.6;43;-28;0;21;31;0;17;1742;0;0.39;18;5;2;0;0;"Fargo";"DEC";348;"cluster_2"
54.7;29.7;42.2;65;19;0;0;23;0;0;698;0;2.16;96;4;3;2;0;"Fresno";"JAN";349;"cluster_0"
66.4;46.3;56.4;74;38;0;0;0;0;0;234;0;2.01;12;4;3;2;1;"Fresno";"FEB";350;"cluster_3"
65.3;41.2;53.3;78;34;0;0;0;0;0;356;0;2.1;92;7;4;2;0;"Fresno";"MAR";351;"cluster_3"
66.8;45.0;55.9;80;34;0;0;0;0;0;266;1;3.66;85;12;7;4;0;"Fresno";"APR";352;"cluster_3"
81.1;54.1;67.6;97;44;4;0;0;0;0;30;120;0.39;17;3;2;0;0;"Fresno";"MAY";353;"cluster_3"
88.0;58.4;73.2;104;49;13;0;0;0;0;0;250;0.03;3;1;0;0;0;"Fresno";"JUN";354;"cluster_1"
95.9;61.1;78.5;103;54;25;0;0;0;0;0;429;0.0;0;0;0;0;0;"Fresno";"JUL";355;"cluster_1"
95.1;61.3;78.2;104;54;25;0;0;0;0;0;418;0.01;1;1;0;0;0;"Fresno";"AUG";356;"cluster_1"
91.3;61.8;76.5;107;56;19;0;0;0;0;2;354;0.15;15;1;1;0;0;"Fresno";"SEP";357;"cluster_1"
77.5;53.3;65.4;95;41;3;0;0;0;0;56;73;0.95;50;4;2;1;0;"Fresno";"OCT";358;"cluster_3"
60.8;43.3;52.0;76;34;0;0;0;0;0;382;0;2.54;63;10;8;3;0;"Fresno";"NOV";359;"cluster_3"
45.0;35.0;40.0;54;27;0;0;5;0;0;767;0;0.27;22;3;1;0;0;"Fresno";"DEC";360;"cluster_0"
58.1;38.5;48.3;83;17;0;1;13;0;0;515;8;3.09;38;8;5;1;1;"Houston";"JAN";361;"cluster_0"
64.2;40.9;52.5;82;25;0;0;4;0;0;351;11;2.6;62;6;4;1;1;"Houston";"FEB";362;"cluster_3"
75.5;54.2;64.8;85;34;0;0;0;0;0;88;93;0.55;26;6;2;0;0;"Houston";"MAR";363;"cluster_3"
84.1;64.9;74.5;93;47;4;0;0;0;0;7;300;0.92;69;3;2;1;0;"Houston";"APR";364;"cluster_1"
88.3;66.6;77.5;93;59;14;0;0;1;0;0;395;0.62;57;2;1;1;0;"Houston";"MAY";365;"cluster_1"
92.5;71.5;82.0;100;68;22;0;0;2;0;0;518;7.79;70;11;9;5;3;"Houston";"JUN";366;"cluster_1"
93.5;75.1;84.3;98;72;28;0;0;17;0;0;604;2.08;26;6;3;2;1;"Houston";"JUL";367;"cluster_1"
94.8;73.8;84.3;99;67;30;0;0;13;0;0;606;1.85;80;4;3;2;0;"Houston";"AUG";368;"cluster_1"
89.7;71.1;80.4;98;55;17;0;0;7;0;0;470;1.94;48;8;7;0;0;"Houston";"SEP";369;"cluster_1"
86.8;63.1;75.0;92;50;6;0;0;0;0;0;318;0.3;14;3;2;0;0;"Houston";"OCT";370;"cluster_1"
74.1;54.0;64.0;88;35;0;0;0;0;0;108;87;5.72;57;7;6;5;4;"Houston";"NOV";371;"cluster_3"
57.2;36.9;47.1;79;19;0;0;7;0;0;551;2;4.83;79;8;7;3;2;"Houston";"DEC";372;"cluster_0"
22.2;2.2;12.2;45;-33;0;24;31;0;14;1629;0;0.65;21;11;2;0;0;"Idaho";"JAN";373;"cluster_2"
44.8;26.4;35.6;60;11;0;0;24;0;0;815;0;0.77;27;5;3;0;0;"Idaho";"FEB";374;"cluster_0"
47.1;23.8;35.5;67;10;0;2;28;0;0;908;0;0.73;26;6;2;0;0;"Idaho";"MAR";375;"cluster_4"
50.4;29.6;40.0;74;19;0;0;23;0;0;744;0;1.87;56;12;5;1;0;"Idaho";"APR";376;"cluster_0"
66.8;42.5;54.6;77;34;0;0;0;0;0;315;0;2.28;75;11;7;1;0;"Idaho";"MAY";377;"cluster_3"
71.6;45.9;58.8;87;34;0;0;0;0;0;186;7;1.97;44;12;7;0;0;"Idaho";"JUN";378;"cluster_3"
88.1;50.3;69.2;96;40;14;0;0;0;0;5;141;0.02;2;1;0;0;0;"Idaho";"JUL";379;"cluster_3"
87.9;51.2;69.5;98;42;13;0;0;0;0;4;153;1.27;90;5;3;1;0;"Idaho";"AUG";380;"cluster_3"
78.4;46.6;62.5;91;35;3;0;0;0;0;106;36;0.88;54;7;2;1;0;"Idaho";"SEP";381;"cluster_3"
65.2;33.8;49.5;80;15;0;0;13;0;0;474;0;0.36;23;2;2;0;0;"Idaho";"OCT";382;"cluster_0"
40.6;24.1;32.4;62;4;0;9;28;0;0;972;0;1.74;49;9;6;0;0;"Idaho";"NOV";383;"cluster_4"
21.9;4.3;13.1;33;-19;0;30;31;0;17;1601;0;0.9;21;12;3;0;0;"Idaho";"DEC";384;"cluster_2"
28.2;10.8;19.5;54;-18;0;18;30;0;10;1403;0;1.15;43;10;5;0;0;"Indianapolis";"JAN";385;"cluster_2"
31.5;10.6;21.1;53;-9;0;15;28;0;8;1222;0;0.58;13;8;3;0;0;"Indianapolis";"FEB";386;"cluster_4"
52.1;32.7;42.4;80;-2;0;1;16;0;2;691;0;10.74;0;16;13;5;4;"Indianapolis";"MAR";387;"cluster_0"
64.6;41.9;53.3;81;27;0;0;8;0;0;352;8;2.58;3;8;5;2;1;"Indianapolis";"APR";388;"cluster_3"
70.8;48.5;59.7;86;29;0;0;1;0;0;185;27;2.1;72;9;5;1;0;"Indianapolis";"MAY";389;"cluster_3"
83.7;58.8;71.2;93;47;9;0;0;0;0;16;211;5.3;80;7;5;3;1;"Indianapolis";"JUN";390;"cluster_1"
83.8;62.9;73.3;93;50;4;0;0;0;0;0;267;4.66;21;12;8;3;1;"Indianapolis";"JUL";391;"cluster_1"
79.7;58.0;68.8;94;46;1;0;0;0;0;20;149;2.22;89;8;5;1;0;"Indianapolis";"AUG";392;"cluster_3"
78.9;51.8;65.3;87;36;0;0;0;0;0;71;89;0.24;24;1;1;0;0;"Indianapolis";"SEP";393;"cluster_3"
77.1;47.0;62.0;86;27;0;0;1;0;0;117;33;0.17;15;3;1;0;0;"Indianapolis";"OCT";394;"cluster_3"
55.2;34.9;45.0;68;22;0;0;15;0;0;590;0;2.18;15;8;4;1;1;"Indianapolis";"NOV";395;"cluster_0"
26.8;10.2;18.5;62;-14;0;22;30;0;11;1435;0;0.86;32;9;3;0;0;"Indianapolis";"DEC";396;"cluster_2"
64.0;42.3;53.1;81;24;0;0;8;0;0;385;24;5.39;68;8;6;4;1;"Jacksonville";"JAN";397;"cluster_3"
61.8;41.2;51.5;81;29;0;0;4;0;0;379;5;6.93;16;9;8;5;1;"Jacksonville";"FEB";398;"cluster_3"
76.6;54.7;65.6;89;37;0;0;0;0;0;90;119;2.23;84;7;4;2;0;"Jacksonville";"MAR";399;"cluster_3"
82.0;60.3;71.2;91;45;3;0;0;0;0;9;202;1.75;0;5;3;2;1;"Jacksonville";"APR";400;"cluster_1"
86.5;66.0;76.2;95;49;13;0;0;0;0;4;362;1.74;62;9;5;1;0;"Jacksonville";"MAY";401;"cluster_1"
89.9;71.0;80.5;97;64;18;0;0;2;0;0;472;12.49;66;17;14;11;4;"Jacksonville";"JUN";402;"cluster_1"
90.3;72.3;81.3;95;65;21;0;0;7;0;0;513;6.47;27;11;8;3;2;"Jacksonville";"JUL";403;"cluster_1"
91.4;72.7;82.1;97;68;22;0;0;9;0;0;539;4.95;3;16;9;4;1;"Jacksonville";"AUG";404;"cluster_1"
84.9;69.5;77.2;94;63;5;0;0;1;0;0;374;4.91;31;14;8;5;1;"Jacksonville";"SEP";405;"cluster_1"
79.3;59.6;69.5;87;41;0;0;0;0;0;22;167;1.53;58;7;3;2;0;"Jacksonville";"OCT";406;"cluster_3"
70.6;50.4;60.5;80;31;0;0;1;0;0;161;35;2.7;75;8;6;2;0;"Jacksonville";"NOV";407;"cluster_3"
59.4;38.5;48.9;76;26;0;0;7;0;0;493;1;3.6;83;5;5;2;2;"Jacksonville";"DEC";408;"cluster_0"
53.3;28.9;41.1;68;8;0;2;23;0;0;733;0;0.12;12;1;1;0;0;"LasVegas";"JAN";409;"cluster_0"
68.1;43.5;55.8;78;34;0;0;0;0;0;254;3;0.33;21;3;2;0;0;"LasVegas";"FEB";410;"cluster_3"
67.6;40.3;53.9;82;28;0;0;3;0;0;337;0;0.23;15;2;1;0;0;"LasVegas";"MAR";411;"cluster_3"
71.6;45.4;58.5;86;33;0;0;0;0;0;208;18;0.1;5;2;0;0;0;"LasVegas";"APR";412;"cluster_3"
90.5;61.2;75.8;99;45;20;0;0;0;0;7;350;0.0;0;0;0;0;0;"LasVegas";"MAY";413;"cluster_1"
92.9;64.3;78.6;106;56;19;0;0;2;0;0;417;0.15;15;1;1;0;0;"LasVegas";"JUN";414;"cluster_1"
105.4;75.3;90.3;110;65;31;0;0;18;0;0;792;0.0;0;0;0;0;0;"LasVegas";"JUL";415;"cluster_1"
101.2;74.6;87.9;108;65;31;0;0;16;0;0;715;0.42;26;4;2;0;0;"LasVegas";"AUG";416;"cluster_1"
94.2;66.8;80.5;104;59;23;0;0;0;0;0;474;1.58;7;4;3;1;1;"LasVegas";"SEP";417;"cluster_1"
82.2;57.9;70.0;99;49;8;0;0;0;0;17;183;0.61;36;5;2;0;0;"LasVegas";"OCT";418;"cluster_1"
66.4;43.6;55.0;79;33;0;0;0;0;0;295;0;0.33;26;4;1;0;0;"LasVegas";"NOV";419;"cluster_3"
57.3;31.9;44.6;65;24;0;0;15;0;0;626;0;0.0;0;0;0;0;0;"LasVegas";"DEC";420;"cluster_0"
36.5;16.7;26.6;60;-21;0;9;26;0;5;1183;0;1.47;52;9;4;1;0;"Lexington";"JAN";421;"cluster_4"
38.1;19.0;28.6;60;-7;0;10;26;0;2;1014;0;1.81;46;13;7;0;0;"Lexington";"FEB";422;"cluster_4"
59.1;38.7;48.9;79;25;0;0;11;0;0;495;0;6.82;42;11;8;7;3;"Lexington";"MAR";423;"cluster_0"
68.2;46.3;57.3;86;30;0;0;1;0;0;268;48;1.61;29;4;3;1;1;"Lexington";"APR";424;"cluster_3"
73.2;52.3;62.7;88;29;0;0;1;0;0;126;64;3.48;20;10;8;3;1;"Lexington";"MAY";425;"cluster_3"
82.0;62.0;72.0;91;53;2;0;0;0;0;2;221;3.27;0;11;8;2;1;"Lexington";"JUN";426;"cluster_1"
82.8;64.3;73.5;88;53;0;0;0;0;0;0;273;7.18;6;11;9;6;2;"Lexington";"JUL";427;"cluster_1"
82.1;62.8;72.4;90;52;1;0;0;1;0;1;241;4.14;96;9;7;4;0;"Lexington";"AUG";428;"cluster_1"
77.7;55.4;66.6;86;38;0;0;0;0;0;55;109;0.37;13;4;3;0;0;"Lexington";"SEP";429;"cluster_3"
78.1;49.6;63.8;86;28;0;0;1;0;0;84;56;0.33;15;3;2;0;0;"Lexington";"OCT";430;"cluster_3"
57.6;36.0;46.8;73;24;0;0;11;0;0;540;0;1.81;81;11;3;1;0;"Lexington";"NOV";431;"cluster_0"
33.4;17.6;25.5;62;-4;0;16;30;0;1;1217;0;0.81;27;9;3;0;0;"Lexington";"DEC";432;"cluster_4"
45.3;22.6;34.0;77;2;0;7;25;0;0;954;1;0.87;25;11;3;0;0;"LittleRock";"JAN";433;"cluster_4"
52.2;26.6;39.4;79;10;0;0;24;0;0;709;0;2.7;15;8;4;2;2;"LittleRock";"FEB";434;"cluster_0"
71.3;44.1;57.7;88;30;0;0;2;0;0;258;39;3.81;5;10;8;3;1;"LittleRock";"MAR";435;"cluster_3"
74.8;53.8;64.3;87;40;0;0;0;0;0;97;83;3.29;7;9;8;2;1;"LittleRock";"APR";436;"cluster_3"
83.4;59.3;71.3;92;40;5;0;0;0;0;35;241;1.29;53;7;4;1;0;"LittleRock";"MAY";437;"cluster_1"
93.3;67.5;80.4;102;60;22;0;0;1;0;0;468;1.25;75;6;2;1;0;"LittleRock";"JUN";438;"cluster_1"
91.9;71.0;81.5;104;57;22;0;0;5;0;0;519;5.54;66;11;8;3;2;"LittleRock";"JUL";439;"cluster_1"
93.2;68.9;81.1;107;55;21;0;0;8;0;0;505;0.62;42;5;2;0;0;"LittleRock";"AUG";440;"cluster_1"
86.6;62.8;74.7;102;44;12;0;0;0;0;4;305;1.81;80;5;4;2;0;"LittleRock";"SEP";441;"cluster_1"
88.3;51.8;70.0;97;35;15;0;0;0;0;26;188;0.1;10;1;1;0;0;"LittleRock";"OCT";442;"cluster_1"
66.0;40.6;53.3;80;25;0;0;6;0;0;350;8;4.5;20;10;5;3;2;"LittleRock";"NOV";443;"cluster_3"
43.9;22.8;33.3;67;-1;0;4;27;0;1;973;0;2.48;12;4;4;3;1;"LittleRock";"DEC";444;"cluster_4"
63.7;46.7;55.2;81;30;0;0;1;0;0;296;2;0.62;56;2;1;1;0;"LosAngeles";"JAN";445;"cluster_3"
68.7;53.5;61.1;92;49;1;0;0;0;0;123;21;4.48;50;6;3;2;2;"LosAngeles";"FEB";446;"cluster_3"
64.9;48.2;56.6;74;41;0;0;0;0;0;255;0;2.42;13;6;3;2;2;"LosAngeles";"MAR";447;"cluster_3"
64.6;49.9;57.3;74;44;0;0;0;0;0;225;0;1.41;41;6;4;0;0;"LosAngeles";"APR";448;"cluster_3"
69.3;56.5;62.9;75;50;0;0;0;0;0;63;3;0.02;1;2;0;0;0;"LosAngeles";"MAY";449;"cluster_3"
71.7;59.5;65.6;78;55;0;0;0;0;0;15;44;0.24;20;3;1;0;0;"LosAngeles";"JUN";450;"cluster_3"
75.6;61.8;68.7;80;57;0;0;0;0;0;0;122;0.0;0;0;0;0;0;"LosAngeles";"JUL";451;"cluster_3"
77.7;64.2;70.9;87;60;0;0;0;0;0;0;191;0.01;1;1;0;0;0;"LosAngeles";"AUG";452;"cluster_1"
83.2;65.9;74.5;110;61;6;0;0;2;0;0;293;1.13;49;3;3;0;0;"LosAngeles";"SEP";453;"cluster_1"
74.9;60.8;67.9;82;55;0;0;0;0;0;1;98;0.42;42;1;1;0;0;"LosAngeles";"OCT";454;"cluster_3"
70.6;52.9;61.7;84;45;0;0;0;0;0;107;16;2.76;81;5;4;4;0;"LosAngeles";"NOV";455;"cluster_3"
69.9;45.9;57.9;85;40;0;0;0;0;0;220;5;0.0;0;0;0;0;0;"LosAngeles";"DEC";456;"cluster_3"
36.5;15.6;26.1;63;-20;0;11;28;0;7;1199;0;1.18;40;11;3;0;0;"Louisville";"JAN";457;"cluster_4"
41.4;18.9;30.1;63;-2;0;6;24;0;1;968;0;1.11;38;10;4;0;0;"Louisville";"FEB";458;"cluster_4"
60.4;38.6;49.5;82;26;0;0;8;0;0;476;2;9.04;72;13;11;6;2;"Louisville";"MAR";459;"cluster_0"
70.8;47.1;58.9;86;31;0;0;2;0;0;231;58;1.87;44;6;3;1;1;"Louisville";"APR";460;"cluster_3"
74.8;51.7;63.3;89;31;0;0;2;0;0;109;63;4.56;6;10;8;4;1;"Louisville";"MAY";461;"cluster_3"
84.3;61.7;73.0;93;51;6;0;0;0;0;1;248;4.18;62;8;6;3;1;"Louisville";"JUN";462;"cluster_1"
84.9;64.6;74.7;91;53;1;0;0;0;0;0;308;7.33;65;11;7;7;3;"Louisville";"JUL";463;"cluster_1"
84.3;62.5;73.4;95;51;3;0;0;0;0;1;271;2.13;62;9;5;2;0;"Louisville";"AUG";464;"cluster_1"
78.9;54.7;66.8;91;37;3;0;0;0;0;71;134;3.48;58;3;3;2;1;"Louisville";"SEP";465;"cluster_3"
78.7;48.2;63.5;89;32;0;0;1;0;0;86;46;0.81;73;3;1;1;0;"Louisville";"OCT";466;"cluster_3"
59.3;37.5;48.4;71;23;0;0;9;0;0;493;0;1.69;44;12;6;0;0;"Louisville";"NOV";467;"cluster_0"
35.4;18.0;26.7;62;-1;0;15;29;0;1;1178;0;1.06;31;10;3;0;0;"Louisville";"DEC";468;"cluster_4"
13.3;-2.5;5.4;36;-30;0;28;31;0;20;1841;0;0.76;24;9;3;0;0;"Madison";"JAN";469;"cluster_2"
24.2;3.9;14.1;40;-14;0;22;28;0;13;1419;0;0.39;28;3;1;0;0;"Madison";"FEB";470;"cluster_2"
44.4;23.5;33.9;75;-7;0;3;26;0;2;957;0;2.33;51;12;7;2;0;"Madison";"MAR";471;"cluster_4"
60.7;34.8;47.8;80;20;0;0;15;0;0;508;0;1.67;47;10;6;0;0;"Madison";"APR";472;"cluster_0"
67.6;43.1;55.4;84;27;0;0;3;0;0;299;9;1.82;65;9;6;1;0;"Madison";"MAY";473;"cluster_3"
82.8;56.3;69.6;94;39;6;0;0;0;0;48;193;8.15;67;8;8;5;2;"Madison";"JUN";474;"cluster_3"
85.1;61.1;73.1;95;49;3;0;0;0;0;2;260;2.29;79;9;8;1;0;"Madison";"JUL";475;"cluster_1"
79.2;56.0;67.6;88;42;0;0;0;0;0;47;134;3.23;30;9;5;2;1;"Madison";"AUG";476;"cluster_3"
73.2;47.2;60.2;86;32;0;0;1;0;0;174;37;2.3;80;5;5;2;0;"Madison";"SEP";477;"cluster_3"
72.1;44.1;58.1;90;26;1;0;4;0;0;228;21;0.64;25;9;2;0;0;"Madison";"OCT";478;"cluster_3"
49.1;29.2;39.1;62;14;0;1;22;0;0;769;0;1.96;20;6;3;1;1;"Madison";"NOV";479;"cluster_0"
20.5;2.1;11.3;51;-17;0;26;31;0;17;1655;0;0.65;25;7;3;0;0;"Madison";"DEC";480;"cluster_2"
45.2;23.5;34.4;74;0;0;7;23;0;1;944;0;1.28;50;8;5;1;0;"Memphis";"JAN";481;"cluster_4"
48.7;26.5;37.6;70;10;0;1;20;0;0;760;0;2.91;45;8;8;1;1;"Memphis";"FEB";482;"cluster_0"
68.8;44.6;56.7;85;30;0;0;4;0;0;291;41;6.17;13;9;9;6;1;"Memphis";"MAR";483;"cluster_3"
73.7;54.6;64.2;85;41;0;0;0;0;0;119;99;5.6;67;9;7;5;2;"Memphis";"APR";484;"cluster_3"
81.3;60.8;71.0;90;40;2;0;0;0;0;34;229;3.77;93;8;4;3;1;"Memphis";"MAY";485;"cluster_1"
87.7;69.4;78.5;97;62;12;0;0;1;0;0;417;4.33;49;7;6;2;2;"Memphis";"JUN";486;"cluster_1"
88.5;71.6;80.1;95;59;13;0;0;7;0;0;474;4.38;20;10;7;5;1;"Memphis";"JUL";487;"cluster_1"
89.9;70.4;80.2;99;57;18;0;0;10;0;0;477;2.15;99;8;3;2;0;"Memphis";"AUG";488;"cluster_1"
83.3;63.4;73.3;94;47;5;0;0;0;0;10;268;2.06;72;4;2;1;1;"Memphis";"SEP";489;"cluster_1"
83.8;53.3;68.6;92;34;6;0;0;0;0;33;151;0.0;0;0;0;0;0;"Memphis";"OCT";490;"cluster_3"
64.3;42.4;53.3;76;27;0;0;7;0;0;352;6;2.72;61;8;7;1;0;"Memphis";"NOV";491;"cluster_3"
40.4;22.5;31.4;64;-13;0;10;26;0;2;1034;0;3.31;31;4;4;3;1;"Memphis";"DEC";492;"cluster_4"
75.4;58.8;67.1;85;44;0;0;0;0;0;48;123;0.65;25;7;3;0;0;"Miami";"JAN";493;"cluster_3"
73.8;57.8;65.8;85;47;0;0;0;0;0;46;72;3.45;52;7;4;3;1;"Miami";"FEB";494;"cluster_3"
80.6;66.2;73.4;88;52;0;0;0;0;0;6;274;0.73;50;4;2;1;0;"Miami";"MAR";495;"cluster_1"
82.7;66.7;74.7;92;51;2;0;0;1;0;0;300;0.33;20;3;2;0;0;"Miami";"APR";496;"cluster_1"
84.0;69.9;77.0;87;55;0;0;0;6;0;0;377;6.34;75;10;8;3;2;"Miami";"MAY";497;"cluster_1"
87.0;74.2;80.6;90;69;1;0;0;13;0;0;474;6.8;5;17;15;7;1;"Miami";"JUN";498;"cluster_1"
90.0;76.3;83.1;95;72;16;0;0;26;0;0;567;1.77;55;11;6;1;0;"Miami";"JUL";499;"cluster_1"
89.9;76.0;83.0;93;72;20;0;0;24;0;0;563;4.77;5;15;10;4;1;"Miami";"AUG";500;"cluster_1"
87.5;75.1;81.3;91;70;10;0;0;15;0;0;497;11.12;74;17;12;6;4;"Miami";"SEP";501;"cluster_1"
83.1;69.2;76.2;86;61;0;0;0;2;0;0;355;4.43;13;12;9;3;2;"Miami";"OCT";502;"cluster_1"
78.2;64.2;71.2;84;45;0;0;0;0;0;25;220;1.43;58;6;3;1;0;"Miami";"NOV";503;"cluster_1"
72.5;54.5;63.5;85;43;0;0;0;0;0;85;45;4.26;17;7;6;2;1;"Miami";"DEC";504;"cluster_3"
15.2;2.1;8.6;38;-24;0;27;30;0;18;1741;0;0.66;21;10;2;0;0;"Milwaukee";"JAN";505;"cluster_2"
24.4;7.3;15.8;42;-12;0;21;28;0;9;1372;0;0.42;12;9;1;0;0;"Milwaukee";"FEB";506;"cluster_2"
43.2;27.1;35.1;74;-1;0;5;24;0;1;915;0;2.2;67;13;6;1;0;"Milwaukee";"MAR";507;"cluster_4"
56.5;35.1;45.8;82;25;0;0;11;0;0;570;0;2.54;11;11;6;2;1;"Milwaukee";"APR";508;"cluster_0"
62.6;41.9;52.3;84;24;0;0;2;0;0;388;4;1.95;40;13;5;0;0;"Milwaukee";"MAY";509;"cluster_0"
77.3;53.9;65.6;93;38;3;0;0;0;0;82;108;1.5;78;8;4;1;0;"Milwaukee";"JUN";510;"cluster_3"
80.9;60.7;70.8;98;44;2;0;0;0;0;20;209;2.36;23;5;3;2;1;"Milwaukee";"JUL";511;"cluster_1"
75.6;58.5;67.1;86;44;0;0;0;0;0;38;112;2.48;73;7;5;3;0;"Milwaukee";"AUG";512;"cluster_3"
70.4;52.0;61.2;86;40;0;0;0;0;0;135;29;1.78;73;7;4;1;0;"Milwaukee";"SEP";513;"cluster_3"
69.6;47.6;58.6;89;29;0;0;1;0;0;217;25;0.34;15;6;2;0;0;"Milwaukee";"OCT";514;"cluster_3"
50.0;33.4;41.7;62;22;0;0;14;0;0;692;0;2.17;88;7;3;2;0;"Milwaukee";"NOV";515;"cluster_0"
21.5;4.9;13.2;54;-15;0;26;31;0;13;1597;0;0.7;28;9;3;0;0;"Milwaukee";"DEC";516;"cluster_2"
12.1;-6.4;2.9;42;-32;0;27;31;0;21;1919;0;0.46;15;10;2;0;0;"Minneapolis";"JAN";517;"cluster_2"
22.5;1.6;12.0;43;-19;0;23;28;0;13;1476;0;0.41;9;10;0;0;0;"Minneapolis";"FEB";518;"cluster_2"
44.1;24.2;34.2;77;-9;0;4;26;0;1;946;0;1.18;52;10;4;1;0;"Minneapolis";"MAR";519;"cluster_4"
59.4;35.1;47.3;77;23;0;0;16;0;0;526;3;2.07;77;12;4;2;0;"Minneapolis";"APR";520;"cluster_0"
66.1;44.7;55.4;92;28;1;0;2;0;0;319;28;5.06;62;14;9;4;1;"Minneapolis";"MAY";521;"cluster_3"
81.0;58.5;69.8;99;45;5;0;0;0;0;46;199;1.91;42;13;7;0;0;"Minneapolis";"JUN";522;"cluster_1"
84.7;62.3;73.5;93;53;6;0;0;0;0;1;272;1.53;74;8;3;1;0;"Minneapolis";"JUL";523;"cluster_1"
80.5;57.3;68.9;94;46;4;0;0;0;0;32;161;1.55;45;8;7;0;0;"Minneapolis";"AUG";524;"cluster_3"
73.0;51.3;62.1;85;34;0;0;0;0;0;129;50;3.47;24;10;6;3;1;"Minneapolis";"SEP";525;"cluster_3"
70.3;45.9;58.1;86;25;0;0;1;0;0;216;12;0.81;41;4;3;0;0;"Minneapolis";"OCT";526;"cluster_3"
48.4;28.2;38.3;61;12;0;2;23;0;0;793;0;0.52;25;4;2;0;0;"Minneapolis";"NOV";527;"cluster_0"
17.8;2.1;10.0;43;-20;0;25;31;0;15;1696;0;0.6;44;7;1;0;0;"Minneapolis";"DEC";528;"cluster_2"
52.8;30.7;41.7;74;5;0;2;20;0;0;715;1;7.14;0;13;9;6;3;"Montgomery";"JAN";529;"cluster_0"
56.2;30.9;43.6;75;17;0;0;16;0;0;591;0;3.3;0;5;4;3;2;"Montgomery";"FEB";530;"cluster_0"
73.0;48.0;60.5;86;33;0;0;0;0;0;185;56;3.28;10;9;7;3;1;"Montgomery";"MAR";531;"cluster_3"
79.0;55.2;67.1;88;39;0;0;0;0;0;37;107;1.36;54;8;4;1;0;"Montgomery";"APR";532;"cluster_3"
86.0;62.5;74.2;93;44;11;0;0;0;0;13;308;3.06;78;5;4;2;1;"Montgomery";"MAY";533;"cluster_1"
90.0;69.7;79.8;100;58;14;0;0;4;0;0;453;4.46;80;7;4;3;2;"Montgomery";"JUN";534;"cluster_1"
90.7;70.8;80.7;94;63;22;0;0;1;0;0;495;3.6;96;11;5;4;0;"Montgomery";"JUL";535;"cluster_1"
93.1;71.7;82.4;99;64;26;0;0;7;0;0;548;2.84;12;9;7;2;1;"Montgomery";"AUG";536;"cluster_1"
87.0;64.4;75.7;97;52;17;0;0;0;0;0;329;3.9;36;5;3;2;2;"Montgomery";"SEP";537;"cluster_1"
81.1;53.5;67.3;89;34;0;0;0;0;0;34;114;0.02;2;1;0;0;0;"Montgomery";"OCT";538;"cluster_3"
67.5;43.0;55.2;81;25;0;0;5;0;0;292;4;3.22;23;8;5;1;1;"Montgomery";"NOV";539;"cluster_3"
51.8;31.4;41.6;68;20;0;0;19;0;0;719;0;5.34;85;9;9;3;2;"Montgomery";"DEC";540;"cluster_0"
42.5;19.2;30.8;65;-15;0;7;24;0;4;1050;0;1.6;85;8;4;1;0;"Nashville";"JAN";541;"cluster_4"
46.4;22.0;34.2;66;2;0;5;25;0;0;855;0;2.83;87;9;7;2;0;"Nashville";"FEB";542;"cluster_0"
66.1;41.4;53.7;86;28;0;0;5;0;0;358;17;10.03;21;9;8;5;3;"Nashville";"MAR";543;"cluster_3"
72.7;50.5;61.6;89;35;0;0;0;0;0;170;76;3.37;36;7;4;2;1;"Nashville";"APR";544;"cluster_3"
78.6;55.9;67.2;89;34;0;0;0;0;0;63;142;2.47;67;10;5;3;0;"Nashville";"MAY";545;"cluster_3"
86.6;65.1;75.8;96;61;7;0;0;0;0;0;336;3.09;15;12;6;2;1;"Nashville";"JUN";546;"cluster_1"
88.0;67.1;77.5;92;56;13;0;0;0;0;0;398;5.33;93;11;7;4;1;"Nashville";"JUL";547;"cluster_1"
88.4;65.2;76.8;96;54;14;0;0;0;0;0;372;7.63;10;8;6;4;2;"Nashville";"AUG";548;"cluster_1"
81.8;58.1;70.0;91;42;3;0;0;0;0;28;185;3.43;60;5;3;2;2;"Nashville";"SEP";549;"cluster_3"
81.4;49.6;65.5;87;33;0;0;0;0;0;48;71;0.0;0;0;0;0;0;"Nashville";"OCT";550;"cluster_3"
60.1;38.4;49.3;73;24;0;0;11;0;0;465;1;2.43;47;10;8;0;0;"Nashville";"NOV";551;"cluster_0"
39.3;21.7;30.5;61;5;0;12;28;0;0;1062;0;2.15;75;8;5;2;0;"Nashville";"DEC";552;"cluster_4"
58.8;41.4;50.1;78;17;0;2;10;0;0;466;10;4.58;23;9;8;2;1;"NewOrleans";"JAN";553;"cluster_0"
60.0;40.8;50.4;77;30;0;0;1;0;0;410;5;5.5;56;6;6;4;1;"NewOrleans";"FEB";554;"cluster_0"
75.4;57.9;66.6;86;44;0;0;0;0;0;73;129;1.03;97;3;1;1;0;"NewOrleans";"MAR";555;"cluster_3"
82.6;66.2;74.4;87;54;0;0;0;1;0;2;291;1.16;57;3;3;1;0;"NewOrleans";"APR";556;"cluster_1"
86.2;69.2;77.7;91;61;4;0;0;0;0;0;401;0.62;36;5;2;0;0;"NewOrleans";"MAY";557;"cluster_1"
88.6;73.2;80.9;95;67;14;0;0;8;0;0;483;8.45;52;15;9;5;4;"NewOrleans";"JUN";558;"cluster_1"
90.2;75.8;83.0;93;72;21;0;0;26;0;0;565;5.93;1;18;12;5;1;"NewOrleans";"JUL";559;"cluster_1"
91.1;75.4;83.2;95;71;26;0;0;20;0;0;575;5.11;82;11;11;2;2;"NewOrleans";"AUG";560;"cluster_1"
86.6;72.2;79.4;94;61;13;0;0;10;0;0;439;6.45;1;11;8;5;2;"NewOrleans";"SEP";561;"cluster_1"
84.6;64.2;74.4;90;53;1;0;0;0;0;2;302;0.0;0;0;0;0;0;"NewOrleans";"OCT";562;"cluster_1"
72.2;55.8;64.0;81;41;0;0;0;0;0;95;72;10.15;3;8;7;6;3;"NewOrleans";"NOV";563;"cluster_3"
56.8;39.8;48.3;76;25;0;1;8;0;0;515;5;5.73;67;10;8;3;2;"NewOrleans";"DEC";564;"cluster_0"
36.2;24.0;30.1;51;4;0;10;23;0;0;1074;0;1.93;38;11;7;0;0;"NewYorkCity";"JAN";565;"cluster_4"
36.0;20.5;28.2;51;-2;0;10;25;0;1;1021;0;2.55;97;7;5;2;0;"NewYorkCity";"FEB";566;"cluster_4"
50.5;36.8;43.7;79;26;0;0;8;0;0;653;0;3.61;0;16;11;2;1;"NewYorkCity";"MAR";567;"cluster_0"
63.4;43.9;53.7;81;34;0;0;0;0;0;337;3;1.27;89;6;3;1;0;"NewYorkCity";"APR";568;"cluster_3"
71.5;50.7;61.1;86;38;0;0;0;0;0;161;49;2.16;64;11;5;1;0;"NewYorkCity";"MAY";569;"cluster_3"
80.4;61.4;70.9;96;54;5;0;0;0;0;9;196;2.72;92;10;5;2;0;"NewYorkCity";"JUN";570;"cluster_1"
86.3;66.5;76.4;98;54;11;0;0;3;0;0;360;2.19;53;11;5;1;0;"NewYorkCity";"JUL";571;"cluster_1"
81.3;62.8;72.1;88;53;0;0;0;0;0;0;228;3.21;36;11;5;2;1;"NewYorkCity";"AUG";572;"cluster_1"
72.1;54.0;63.0;87;40;0;0;0;0;0;125;74;3.95;18;11;8;1;1;"NewYorkCity";"SEP";573;"cluster_3"
72.1;51.5;61.8;83;38;0;0;0;0;0;134;45;0.14;10;2;1;0;0;"NewYorkCity";"OCT";574;"cluster_3"
56.2;44.5;50.3;69;34;0;0;0;0;0;431;0;8.24;96;10;8;5;3;"NewYorkCity";"NOV";575;"cluster_0"
36.0;26.4;31.2;55;11;0;10;22;0;0;1040;0;2.31;81;9;7;2;0;"NewYorkCity";"DEC";576;"cluster_4"
44.3;29.8;37.1;72;17;0;4;23;0;0;859;0;3.36;92;15;9;2;0;"Norfolk";"JAN";577;"cluster_0"
44.0;27.3;35.6;70;15;0;3;20;0;0;815;0;3.75;23;11;6;2;1;"Norfolk";"FEB";578;"cluster_0"
64.0;42.8;53.4;82;30;0;0;1;0;0;357;4;2.98;78;10;7;3;0;"Norfolk";"MAR";579;"cluster_3"
70.3;50.3;60.3;91;40;3;0;0;0;0;202;68;1.29;75;8;2;1;0;"Norfolk";"APR";580;"cluster_3"
74.5;54.6;64.5;96;39;2;0;0;0;0;108;102;1.55;68;6;4;1;0;"Norfolk";"MAY";581;"cluster_3"
82.0;64.4;73.2;96;55;5;0;0;1;0;0;254;9.72;76;12;7;4;2;"Norfolk";"JUN";582;"cluster_1"
86.1;67.9;77.0;97;59;12;0;0;2;0;0;382;2.01;90;8;5;1;0;"Norfolk";"JUL";583;"cluster_1"
85.5;67.9;76.7;95;57;8;0;0;1;0;0;370;2.4;9;9;4;2;1;"Norfolk";"AUG";584;"cluster_1"
74.3;59.1;66.7;88;50;0;0;0;0;0;44;101;6.84;98;13;5;2;1;"Norfolk";"SEP";585;"cluster_3"
69.1;51.1;60.1;82;34;0;0;0;0;0;156;11;1.21;44;7;4;0;0;"Norfolk";"OCT";586;"cluster_3"
61.3;42.7;52.0;74;30;0;0;4;0;0;384;0;5.31;0;9;5;3;2;"Norfolk";"NOV";587;"cluster_3"
42.4;27.9;35.1;64;17;0;7;23;0;0;920;0;2.85;3;8;5;3;1;"Norfolk";"DEC";588;"cluster_4"
40.8;15.8;28.3;69;-3;0;8;26;0;4;1131;0;0.21;16;2;1;0;0;"OklahomaCity";"JAN";589;"cluster_4"
54.1;25.8;40.0;74;11;0;2;23;0;0;692;0;0.22;13;3;1;0;0;"OklahomaCity";"FEB";590;"cluster_0"
66.9;40.7;53.8;86;22;0;0;6;0;0;372;32;3.21;82;6;4;1;1;"OklahomaCity";"MAR";591;"cluster_3"
75.4;54.1;64.8;90;44;1;0;0;0;0;101;103;2.77;50;6;3;2;1;"OklahomaCity";"APR";592;"cluster_3"
80.7;59.9;70.3;96;39;5;0;0;0;0;50;225;1.91;58;10;5;1;0;"OklahomaCity";"MAY";593;"cluster_1"
89.8;67.6;78.7;99;60;19;0;0;1;0;0;420;2.35;65;5;2;2;1;"OklahomaCity";"JUN";594;"cluster_1"
95.0;71.2;83.1;102;66;26;0;0;5;0;0;571;6.19;10;7;6;3;3;"OklahomaCity";"JUL";595;"cluster_1"
94.2;69.7;81.9;105;58;24;0;0;5;0;0;532;1.61;48;8;4;0;0;"OklahomaCity";"AUG";596;"cluster_1"
86.4;63.8;75.1;98;45;11;0;0;0;0;7;317;1.91;43;9;7;0;0;"OklahomaCity";"SEP";597;"cluster_1"
85.0;57.2;71.1;95;40;10;0;0;0;0;23;220;2.05;91;4;1;1;1;"OklahomaCity";"OCT";598;"cluster_1"
63.9;40.6;52.3;81;27;0;0;6;0;0;381;5;2.45;69;4;2;2;1;"OklahomaCity";"NOV";599;"cluster_3"
42.4;23.5;32.9;69;5;0;10;27;0;0;988;0;0.89;46;6;2;0;0;"OklahomaCity";"DEC";600;"cluster_4"
22.1;5.2;13.6;55;-17;0;26;30;0;17;1587;0;1.09;43;12;4;0;0;"Omaha";"JAN";601;"cluster_2"
37.2;17.0;27.1;56;-3;0;9;28;0;2;1058;0;0.36;12;8;1;0;0;"Omaha";"FEB";602;"cluster_4"
52.8;32.6;42.7;79;18;0;1;16;0;0;681;0;3.05;87;10;6;3;0;"Omaha";"MAR";603;"cluster_0"
65.6;43.7;54.6;82;30;0;0;2;0;0;314;10;3.43;4;12;6;2;1;"Omaha";"APR";604;"cluster_3"
73.3;52.8;63.0;92;34;1;0;0;0;0;120;68;1.29;36;11;5;0;0;"Omaha";"MAY";605;"cluster_3"
86.8;65.7;76.3;97;56;14;0;0;1;0;0;348;4.67;41;10;8;5;1;"Omaha";"JUN";606;"cluster_1"
88.8;69.1;79.0;101;60;20;0;0;3;0;0;443;2.25;88;5;4;2;0;"Omaha";"JUL";607;"cluster_1"
85.0;63.6;74.3;98;53;7;0;0;1;0;5;302;4.82;89;11;8;3;1;"Omaha";"AUG";608;"cluster_1"
78.6;56.9;67.8;92;41;2;0;0;0;0;35;128;2.18;81;8;4;2;0;"Omaha";"SEP";609;"cluster_3"
78.5;50.3;64.4;95;28;2;0;1;0;0;96;86;1.05;55;5;3;1;0;"Omaha";"OCT";610;"cluster_3"
56.6;31.5;44.0;69;20;0;0;17;0;0;623;0;0.39;24;3;2;0;0;"Omaha";"NOV";611;"cluster_0"
28.1;7.4;17.7;61;-13;0;19;31;0;12;1456;0;0.48;18;6;2;0;0;"Omaha";"DEC";612;"cluster_2"
62.1;34.6;48.4;77;20;0;0;11;0;0;507;0;0.55;42;3;1;0;0;"Phoenix";"JAN";613;"cluster_0"
75.0;45.3;60.1;89;38;0;0;0;0;0;148;18;1.16;81;2;2;1;0;"Phoenix";"FEB";614;"cluster_3"
76.4;45.5;61.0;87;36;0;0;0;0;0;151;33;0.3;28;2;1;0;0;"Phoenix";"MAR";615;"cluster_3"
81.9;49.7;65.8;99;41;6;0;0;0;0;50;82;0.33;33;1;1;0;0;"Phoenix";"APR";616;"cluster_3"
97.5;62.5;80.0;105;52;29;0;0;0;0;0;474;0.0;0;0;0;0;0;"Phoenix";"MAY";617;"cluster_1"
99.2;64.1;81.7;108;56;29;0;0;0;0;0;507;0.0;0;0;0;0;0;"Phoenix";"JUN";618;"cluster_1"
106.3;77.7;92.0;112;69;31;0;0;24;0;0;844;0.03;3;1;0;0;0;"Phoenix";"JUL";619;"cluster_1"
98.7;75.4;87.1;107;69;31;0;0;21;0;0;691;2.68;51;10;7;3;0;"Phoenix";"AUG";620;"cluster_1"
99.1;71.0;85.0;106;61;29;0;0;8;0;0;607;0.0;0;0;0;0;0;"Phoenix";"SEP";621;"cluster_1"
90.3;62.1;76.2;102;55;16;0;0;0;0;0;355;1.46;3;4;2;1;1;"Phoenix";"OCT";622;"cluster_1"
73.3;50.4;61.9;87;42;0;0;0;0;0;133;47;0.73;24;5;4;0;0;"Phoenix";"NOV";623;"cluster_3"
66.8;36.8;51.8;75;30;0;0;7;0;0;403;0;0.0;0;0;0;0;0;"Phoenix";"DEC";624;"cluster_0"
41.2;28.7;34.9;55;11;0;5;21;0;0;925;0;2.27;16;13;6;1;1;"Portland";"JAN";625;"cluster_4"
55.3;40.2;47.8;65;32;0;0;1;0;0;477;0;3.48;98;13;10;1;0;"Portland";"FEB";626;"cluster_0"
53.7;36.7;45.2;67;28;0;0;7;0;0;606;0;4.69;7;19;11;4;1;"Portland";"MAR";627;"cluster_0"
55.9;41.2;48.5;70;33;0;0;0;0;0;486;0;3.78;47;20;15;0;0;"Portland";"APR";628;"cluster_0"
67.4;45.7;56.5;91;36;1;0;0;0;0;272;18;2.74;4;8;6;2;1;"Portland";"MAY";629;"cluster_3"
68.4;51.5;59.9;90;44;1;0;0;0;0;168;22;1.71;42;13;7;0;0;"Portland";"JUN";630;"cluster_3"
72.0;54.1;63.0;83;46;0;0;0;0;0;72;18;1.17;37;10;5;0;0;"Portland";"JUL";631;"cluster_3"
76.5;55.7;66.2;93;47;1;0;0;0;0;24;68;0.87;53;7;3;1;0;"Portland";"AUG";632;"cluster_3"
76.5;53.7;65.1;89;44;0;0;0;0;0;41;53;0.75;27;5;4;0;0;"Portland";"SEP";633;"cluster_3"
63.1;45.3;54.2;74;30;0;0;1;0;0;329;0;3.04;81;14;8;1;0;"Portland";"OCT";634;"cluster_3"
52.7;39.3;46.0;59;26;0;0;5;0;0;561;0;5.64;27;25;17;2;1;"Portland";"NOV";635;"cluster_0"
43.9;32.0;38.0;52;20;0;0;16;0;0;830;0;3.6;88;16;9;2;0;"Portland";"DEC";636;"cluster_0"
32.1;15.1;23.6;46;-7;0;17;31;0;3;1277;0;2.73;2;8;6;2;1;"Portland,Maine";"JAN";637;"cluster_4"
29.5;5.3;17.4;44;-12;0;17;28;0;12;1327;0;2.95;87;8;6;3;0;"Portland,Maine";"FEB";638;"cluster_4"
41.5;22.2;31.8;57;1;0;4;29;0;0;1019;0;3.38;28;13;9;2;1;"Portland,Maine";"MAR";639;"cluster_4"
54.1;30.6;42.4;72;20;0;0;19;0;0;673;0;2.19;84;9;6;1;0;"Portland,Maine";"APR";640;"cluster_0"
64.7;40.3;52.5;81;30;0;0;2;0;0;379;0;3.52;22;13;8;1;1;"Portland,Maine";"MAY";641;"cluster_3"
75.9;50.2;63.0;93;40;3;0;0;0;0;108;58;1.95;94;7;5;2;0;"Portland,Maine";"JUN";642;"cluster_3"
80.5;57.3;68.9;94;45;5;0;0;0;0;31;160;2.51;14;8;5;1;1;"Portland,Maine";"JUL";643;"cluster_3"
74.0;51.8;62.9;86;41;0;0;0;0;0;94;35;3.25;66;13;10;2;0;"Portland,Maine";"AUG";644;"cluster_3"
66.4;43.2;54.8;78;28;0;0;5;0;0;299;0;2.29;56;10;5;1;1;"Portland,Maine";"SEP";645;"cluster_3"
66.7;37.8;52.3;88;23;0;0;7;0;0;395;6;1.85;24;5;3;1;1;"Portland,Maine";"OCT";646;"cluster_0"
49.7;33.7;41.7;65;20;0;0;15;0;0;691;0;9.81;66;14;13;4;3;"Portland,Maine";"NOV";647;"cluster_0"
26.8;6.3;16.5;50;-21;0;23;31;0;12;1495;0;2.16;71;13;5;2;0;"Portland,Maine";"DEC";648;"cluster_2"
47.6;25.7;36.7;70;7;0;3;22;0;0;870;0;2.96;0;12;5;3;1;"Raleigh";"JAN";649;"cluster_4"
47.6;24.5;36.1;63;9;0;2;23;0;0;803;0;3.45;84;8;7;3;0;"Raleigh";"FEB";650;"cluster_0"
65.5;41.2;53.4;81;26;0;0;4;0;0;354;3;3.8;98;11;10;2;0;"Raleigh";"MAR";651;"cluster_3"
73.4;47.6;60.5;90;31;1;0;1;0;0;193;64;1.77;68;7;5;1;0;"Raleigh";"APR";652;"cluster_3"
77.3;53.5;65.3;92;29;3;0;1;0;0;86;103;4.05;53;11;8;2;2;"Raleigh";"MAY";653;"cluster_3"
83.0;62.3;72.7;96;54;4;0;0;0;0;4;241;1.72;40;11;5;0;0;"Raleigh";"JUN";654;"cluster_1"
87.3;64.7;76.0;97;49;13;0;0;0;0;0;346;3.51;90;11;8;2;0;"Raleigh";"JUL";655;"cluster_1"
87.5;65.0;76.3;96;56;15;0;0;0;0;0;356;2.1;68;7;4;3;0;"Raleigh";"AUG";656;"cluster_1"
78.8;55.3;67.0;89;39;0;0;0;0;0;57;126;2.77;1;7;5;2;1;"Raleigh";"SEP";657;"cluster_3"
74.7;46.3;60.5;85;30;0;0;1;0;0;149;19;0.44;36;4;1;0;0;"Raleigh";"OCT";658;"cluster_3"
63.1;38.9;51.0;73;26;0;0;10;0;0;413;0;7.06;55;7;7;3;2;"Raleigh";"NOV";659;"cluster_0"
44.8;24.5;34.7;62;8;0;1;28;0;0;933;0;3.28;98;9;9;1;0;"Raleigh";"DEC";660;"cluster_4"
25.0;-0.5;12.3;60;-26;0;19;30;0;21;1627;0;1.03;19;16;4;0;0;"RapidCity";"JAN";661;"cluster_2"
43.1;17.2;30.2;63;-10;0;6;25;0;4;968;0;0.92;21;12;4;0;0;"RapidCity";"FEB";662;"cluster_4"
51.9;27.4;39.6;80;9;0;1;23;0;0;776;0;1.6;39;7;1;1;1;"RapidCity";"MAR";663;"cluster_0"
56.3;32.7;44.5;81;22;0;1;12;0;0;607;0;3.8;4;12;8;3;1;"RapidCity";"APR";664;"cluster_0"
69.8;44.1;57.0;88;28;0;0;2;0;0;253;10;1.18;25;13;5;0;0;"RapidCity";"MAY";665;"cluster_3"
80.8;55.3;68.1;94;49;7;0;0;0;0;28;127;5.47;78;13;7;1;1;"RapidCity";"JUN";666;"cluster_3"
88.4;60.3;74.3;101;53;14;0;0;0;0;4;301;2.03;52;12;4;3;0;"RapidCity";"JUL";667;"cluster_1"
88.6;58.9;73.7;99;49;15;0;0;0;0;4;280;1.32;50;10;4;1;0;"RapidCity";"AUG";668;"cluster_1"
79.8;53.1;66.5;96;36;5;0;0;0;0;59;111;1.21;49;9;3;0;0;"RapidCity";"SEP";669;"cluster_3"
73.2;45.6;59.4;94;28;3;0;3;0;0;205;41;0.77;42;3;2;0;0;"RapidCity";"OCT";670;"cluster_3"
52.7;26.5;39.6;70;10;0;1;22;0;0;755;0;0.12;5;4;0;0;0;"RapidCity";"NOV";671;"cluster_0"
33.2;12.2;22.7;64;-12;0;16;29;0;7;1303;0;0.32;10;9;1;0;0;"RapidCity";"DEC";672;"cluster_4"
46.2;10.1;28.1;60;-5;0;2;29;0;2;1134;0;2.51;59;4;4;2;1;"Reno";"JAN";673;"cluster_4"
58.7;30.0;44.3;73;22;0;0;22;0;0;572;0;1.09;51;4;3;1;0;"Reno";"FEB";674;"cluster_0"
55.8;25.2;40.5;68;17;0;0;26;0;0;750;0;0.41;18;7;1;0;0;"Reno";"MAR";675;"cluster_0"
56.7;26.8;41.7;77;14;0;0;23;0;0;691;0;0.82;23;9;4;0;0;"Reno";"APR";676;"cluster_0"
73.3;41.0;57.1;88;31;0;0;2;0;0;237;1;2.89;28;9;7;1;1;"Reno";"MAY";677;"cluster_3"
75.1;42.8;59.0;86;29;0;0;1;0;0;182;9;1.1;34;7;4;0;0;"Reno";"JUN";678;"cluster_3"
88.2;42.0;65.1;95;35;12;0;0;0;0;38;47;0.0;0;0;0;0;0;"Reno";"JUL";679;"cluster_3"
87.6;41.8;64.7;96;31;13;0;1;0;0;62;60;0.17;11;4;1;0;0;"Reno";"AUG";680;"cluster_3"
82.9;43.6;63.2;91;35;9;0;0;0;0;82;37;0.18;8;3;0;0;0;"Reno";"SEP";681;"cluster_3"
71.2;33.6;52.4;90;20;1;0;15;0;0;389;5;0.24;16;4;1;0;0;"Reno";"OCT";682;"cluster_0"
53.5;26.8;40.2;67;18;0;0;22;0;0;738;0;1.44;49;7;3;0;0;"Reno";"NOV";683;"cluster_0"
49.0;21.2;35.1;61;14;0;0;31;0;0;921;0;0.08;5;3;0;0;0;"Reno";"DEC";684;"cluster_4"
45.3;26.4;35.8;68;9;0;3;25;0;0;897;0;1.55;61;11;5;1;0;"Richmond";"JAN";685;"cluster_4"
43.6;23.0;33.3;64;9;0;5;26;0;0;882;0;2.98;72;8;8;2;0;"Richmond";"FEB";686;"cluster_4"
63.0;38.6;50.8;81;25;0;0;5;0;0;434;0;5.62;20;9;9;5;2;"Richmond";"MAR";687;"cluster_0"
72.6;45.7;59.2;93;35;2;0;0;0;0;218;50;0.64;19;5;4;0;0;"Richmond";"APR";688;"cluster_3"
76.2;51.7;64.0;94;34;2;0;0;0;0;102;77;2.39;32;10;8;1;1;"Richmond";"MAY";689;"cluster_3"
82.6;61.4;72.0;94;52;7;0;0;0;0;1;218;7.01;41;8;5;4;3;"Richmond";"JUN";690;"cluster_1"
88.3;63.8;76.1;96;52;14;0;0;1;0;0;352;0.52;42;3;1;0;0;"Richmond";"JUL";691;"cluster_1"
88.0;63.3;75.7;96;51;15;0;0;0;0;0;339;3.75;19;7;6;1;1;"Richmond";"AUG";692;"cluster_1"
76.6;54.4;65.5;91;37;2;0;0;0;0;71;93;3.2;15;10;7;2;1;"Richmond";"SEP";693;"cluster_3"
74.1;43.1;58.6;84;27;0;0;2;0;0;197;4;0.3;16;2;2;0;0;"Richmond";"OCT";694;"cluster_3"
62.4;37.8;50.1;77;25;0;0;11;0;0;439;0;6.7;53;10;6;5;2;"Richmond";"NOV";695;"cluster_0"
42.3;22.5;32.4;62;7;0;2;30;0;0;1004;0;2.8;21;7;4;3;1;"Richmond";"DEC";696;"cluster_4"
41.3;26.1;33.7;53;12;0;4;24;0;0;964;0;2.8;4;7;5;2;1;"Salem";"JAN";697;"cluster_4"
56.6;38.8;47.7;66;29;0;0;4;0;0;475;0;3.34;7;17;9;1;1;"Salem";"FEB";698;"cluster_0"
54.1;34.7;44.4;68;24;0;0;11;0;0;630;0;6.51;0;18;10;5;2;"Salem";"MAR";699;"cluster_0"
55.5;38.5;47.0;68;30;0;0;6;0;0;531;0;4.07;69;21;13;2;0;"Salem";"APR";700;"cluster_0"
67.5;42.8;55.2;92;34;1;0;0;0;0;302;7;3.7;47;10;8;2;2;"Salem";"MAY";701;"cluster_3"
71.0;47.2;59.1;93;39;3;0;0;0;0;185;16;0.85;26;10;3;0;0;"Salem";"JUN";702;"cluster_3"
75.2;48.5;61.9;89;42;0;0;0;0;0;102;11;0.91;34;8;3;0;0;"Salem";"JUL";703;"cluster_3"
80.1;51.1;65.6;102;41;1;0;0;0;0;35;60;0.09;2;5;0;0;0;"Salem";"AUG";704;"cluster_3"
79.0;52.4;65.7;96;45;4;0;0;0;0;43;72;1.41;62;8;5;1;0;"Salem";"SEP";705;"cluster_3"
63.3;44.2;53.7;75;29;0;0;1;0;0;340;0;3.59;39;14;8;2;1;"Salem";"OCT";706;"cluster_3"
52.2;39.9;46.1;60;25;0;0;6;0;0;559;0;6.52;6;24;16;4;1;"Salem";"NOV";707;"cluster_0"
46.8;32.9;39.9;58;22;0;0;17;0;0;770;0;3.85;61;15;11;2;0;"Salem";"DEC";708;"cluster_0"
31.3;7.7;19.5;53;-18;0;14;29;0;6;1402;0;0.53;23;6;1;0;0;"SaltLakeCity";"JAN";709;"cluster_2"
50.1;27.1;38.6;62;13;0;0;22;0;0;731;0;0.67;29;5;3;0;0;"SaltLakeCity";"FEB";710;"cluster_0"
51.1;27.7;39.4;70;10;0;0;24;0;0;787;0;2.11;92;7;5;2;0;"SaltLakeCity";"MAR";711;"cluster_0"
54.9;33.7;44.3;76;26;0;0;15;0;0;614;0;3.86;56;16;12;2;0;"SaltLakeCity";"APR";712;"cluster_0"
75.5;45.9;60.7;84;35;0;0;0;0;0;135;11;0.23;16;5;1;0;0;"SaltLakeCity";"MAY";713;"cluster_3"
77.5;49.0;63.2;95;39;2;0;0;0;0;98;52;1.67;43;10;6;0;0;"SaltLakeCity";"JUN";714;"cluster_3"
94.5;61.1;77.8;102;43;27;0;0;0;0;0;405;0.0;0;0;0;0;0;"SaltLakeCity";"JUL";715;"cluster_1"
91.5;64.3;77.9;99;53;23;0;0;0;0;1;411;0.54;32;4;2;0;0;"SaltLakeCity";"AUG";716;"cluster_1"
82.6;53.0;67.8;95;44;5;0;0;0;0;18;111;1.08;71;6;2;1;0;"SaltLakeCity";"SEP";717;"cluster_3"
71.4;44.2;57.8;89;30;0;0;3;0;0;243;29;1.05;33;6;4;0;0;"SaltLakeCity";"OCT";718;"cluster_3"
48.9;28.8;38.9;66;17;0;1;21;0;0;777;0;1.56;67;6;4;1;0;"SaltLakeCity";"NOV";719;"cluster_0"
32.0;16.7;24.4;44;-5;0;20;31;0;1;1252;0;0.79;30;7;3;0;0;"SaltLakeCity";"DEC";720;"cluster_4"
58.2;34.2;46.2;86;15;0;1;14;0;0;575;0;0.27;17;5;1;0;0;"SanAntonio";"JAN";721;"cluster_0"
66.2;38.8;52.5;85;25;0;0;6;0;0;349;5;3.59;96;5;4;3;1;"SanAntonio";"FEB";722;"cluster_3"
77.5;53.6;65.5;89;32;0;0;1;0;0;87;114;0.21;8;7;0;0;0;"SanAntonio";"MAR";723;"cluster_3"
85.7;63.4;74.5;99;48;7;0;0;0;0;17;312;1.88;30;6;2;1;1;"SanAntonio";"APR";724;"cluster_1"
87.6;67.7;77.7;97;56;14;0;0;0;0;3;405;3.03;45;6;3;1;1;"SanAntonio";"MAY";725;"cluster_1"
94.3;72.5;83.4;100;68;28;0;0;8;0;0;559;2.28;19;6;5;2;1;"SanAntonio";"JUN";726;"cluster_1"
96.0;74.8;85.4;100;69;28;0;0;21;0;0;640;0.03;3;1;0;0;0;"SanAntonio";"JUL";727;"cluster_1"
97.2;74.2;85.7;100;71;30;0;0;14;0;0;648;0.63;63;1;1;1;0;"SanAntonio";"AUG";728;"cluster_1"
91.8;70.3;81.0;100;57;18;0;0;5;0;0;490;1.11;57;7;2;1;0;"SanAntonio";"SEP";729;"cluster_1"
85.9;62.3;74.1;93;52;8;0;0;0;0;0;290;2.75;68;5;2;2;1;"SanAntonio";"OCT";730;"cluster_1"
71.7;53.1;62.4;88;34;0;0;0;0;0;141;69;1.93;65;7;5;2;0;"SanAntonio";"NOV";731;"cluster_3"
55.9;35.4;45.6;76;24;0;0;7;0;0;592;0;0.94;52;7;3;1;0;"SanAntonio";"DEC";732;"cluster_0"
55.4;45.4;50.4;66;41;0;0;0;0;0;445;0;3.35;54;3;3;3;2;"SanFrancisco";"JAN";733;"cluster_0"
63.9;52.8;58.4;72;47;0;0;0;0;0;179;0;1.92;79;7;4;2;0;"SanFrancisco";"FEB";734;"cluster_3"
59.8;48.4;54.1;68;41;0;0;0;0;0;332;0;3.87;71;11;5;3;2;"SanFrancisco";"MAR";735;"cluster_3"
59.2;49.5;54.4;67;42;0;0;0;0;0;313;0;3.35;92;15;9;2;0;"SanFrancisco";"APR";736;"cluster_3"
62.1;52.3;57.2;77;49;0;0;0;0;0;234;0;0.45;38;4;1;0;0;"SanFrancisco";"MAY";737;"cluster_3"
63.7;52.4;58.1;71;49;0;0;0;0;0;201;0;0.0;0;0;0;0;0;"SanFrancisco";"JUN";738;"cluster_3"
65.3;54.1;59.7;88;52;0;0;0;0;0;166;10;0.0;0;0;0;0;0;"SanFrancisco";"JUL";739;"cluster_3"
65.9;53.6;59.8;79;51;0;0;0;0;0;160;5;0.0;0;0;0;0;0;"SanFrancisco";"AUG";740;"cluster_3"
72.0;57.4;64.7;88;54;0;0;0;0;0;39;39;0.06;6;1;0;0;0;"SanFrancisco";"SEP";741;"cluster_3"
68.7;57.1;62.9;78;52;0;0;0;0;0;67;10;1.39;56;5;3;2;0;"SanFrancisco";"OCT";742;"cluster_3"
61.6;51.7;56.6;69;45;0;0;0;0;0;244;0;3.52;97;13;7;3;0;"SanFrancisco";"NOV";743;"cluster_3"
53.1;43.4;48.2;61;37;0;0;0;0;0;514;0;0.87;33;5;2;0;0;"SanFrancisco";"DEC";744;"cluster_0"
38.7;29.1;33.9;52;12;0;5;23;0;0;959;0;2.25;76;9;4;2;0;"Seattle";"JAN";745;"cluster_4"
55.0;41.4;48.2;68;32;0;0;1;0;0;465;0;4.36;32;15;10;3;1;"Seattle";"FEB";746;"cluster_0"
50.9;36.6;43.8;64;28;0;0;6;0;0;651;0;3.43;70;18;8;3;0;"Seattle";"MAR";747;"cluster_0"
55.3;41.2;48.3;65;30;0;0;1;0;0;496;0;3.06;63;20;8;1;0;"Seattle";"APR";748;"cluster_0"
67.9;47.5;57.7;93;36;2;0;0;0;0;255;34;0.9;45;4;3;0;0;"Seattle";"MAY";749;"cluster_3"
67.8;51.9;59.9;88;46;0;0;0;0;0;171;23;1.68;49;13;7;0;0;"Seattle";"JUN";750;"cluster_3"
70.9;53.8;62.4;78;47;0;0;0;0;0;78;4;1.18;41;7;5;0;0;"Seattle";"JUL";751;"cluster_3"
74.1;55.0;64.5;85;50;0;0;0;0;0;37;32;0.73;21;7;4;0;0;"Seattle";"AUG";752;"cluster_3"
73.3;53.7;63.5;89;45;0;0;0;0;0;71;37;0.59;22;8;2;0;0;"Seattle";"SEP";753;"cluster_3"
61.3;47.6;54.5;76;37;0;0;0;0;0;320;2;5.06;29;19;11;5;1;"Seattle";"OCT";754;"cluster_3"
49.8;39.0;44.4;59;28;0;0;6;0;0;612;0;9.69;27;25;20;7;3;"Seattle";"NOV";755;"cluster_0"
45.6;35.9;40.7;56;25;0;0;8;0;0;743;0;5.79;91;21;15;3;0;"Seattle";"DEC";756;"cluster_0"
50.1;29.0;39.5;78;9;0;5;17;0;0;785;3;1.46;33;11;5;0;0;"Shreveport";"JAN";757;"cluster_0"
59.1;33.7;46.4;78;22;0;0;13;0;0;512;0;2.42;89;7;4;2;0;"Shreveport";"FEB";758;"cluster_0"
75.4;49.0;62.2;87;30;0;0;1;0;0;162;82;0.91;23;10;4;0;0;"Shreveport";"MAR";759;"cluster_3"
80.6;58.8;69.7;90;42;2;0;0;0;0;30;178;3.53;23;8;7;2;1;"Shreveport";"APR";760;"cluster_3"
86.0;63.5;74.7;93;48;10;0;0;0;0;11;322;2.25;36;3;2;2;1;"Shreveport";"MAY";761;"cluster_1"
93.0;71.1;82.1;100;62;26;0;0;3;0;0;520;2.65;75;4;3;1;1;"Shreveport";"JUN";762;"cluster_1"
94.4;72.9;83.7;103;68;28;0;0;9;0;0;585;1.0;54;9;3;1;0;"Shreveport";"JUL";763;"cluster_1"
96.4;73.6;85.0;103;62;27;0;0;13;0;0;627;3.74;48;7;5;3;1;"Shreveport";"AUG";764;"cluster_1"
88.7;68.1;78.4;100;49;15;0;0;2;0;0;411;2.36;32;7;4;1;1;"Shreveport";"SEP";765;"cluster_1"
86.8;56.9;71.8;94;44;11;0;0;0;0;12;231;0.0;0;0;0;0;0;"Shreveport";"OCT";766;"cluster_1"
69.7;46.2;58.0;84;29;0;0;3;0;0;234;31;6.72;86;11;8;5;2;"Shreveport";"NOV";767;"cluster_3"
49.8;29.9;39.9;71;9;0;3;20;0;0;772;0;2.99;20;6;4;2;2;"Shreveport";"DEC";768;"cluster_0"
16.6;-3.3;6.6;54;-22;0;25;31;0;21;1802;0;0.9;27;8;4;0;0;"Sioux";"JAN";769;"cluster_2"
30.9;8.7;19.8;59;-13;0;17;28;0;7;1260;0;0.53;25;7;2;0;0;"Sioux";"FEB";770;"cluster_4"
49.7;28.1;38.9;80;16;0;1;22;0;0;803;0;1.16;56;7;3;1;0;"Sioux";"MAR";771;"cluster_0"
61.5;37.3;49.4;86;20;0;0;9;0;0;467;5;1.25;29;7;5;0;0;"Sioux";"APR";772;"cluster_0"
70.6;48.2;59.4;89;27;0;0;1;0;0;203;35;2.0;67;9;5;2;0;"Sioux";"MAY";773;"cluster_3"
85.0;62.0;73.5;99;50;7;0;0;0;0;7;270;2.51;78;14;5;2;0;"Sioux";"JUN";774;"cluster_1"
87.1;64.5;75.8;98;58;10;0;0;0;0;0;341;6.45;78;10;8;4;3;"Sioux";"JUL";775;"cluster_1"
82.6;58.9;70.8;94;45;6;0;0;0;0;24;211;0.94;46;6;4;0;0;"Sioux";"AUG";776;"cluster_1"
76.4;52.1;64.2;92;35;3;0;0;0;0;92;76;2.4;90;8;6;1;0;"Sioux";"SEP";777;"cluster_3"
72.6;43.6;58.1;94;20;2;0;3;0;0;222;19;1.65;71;4;3;2;0;"Sioux";"OCT";778;"cluster_3"
52.7;25.7;39.2;65;15;0;0;25;0;0;767;0;0.36;26;2;2;0;0;"Sioux";"NOV";779;"cluster_0"
24.6;1.7;13.2;59;-20;0;20;31;0;14;1598;0;0.85;61;5;1;1;0;"Sioux";"DEC";780;"cluster_2"
25.9;12.6;19.3;45;-7;0;25;29;0;7;1410;0;0.89;74;6;1;1;0;"Spokane";"JAN";781;"cluster_2"
44.5;30.2;37.3;55;1;0;1;17;0;0;768;0;2.21;70;13;7;1;0;"Spokane";"FEB";782;"cluster_0"
49.5;31.6;40.6;64;22;0;0;18;0;0;748;0;1.65;50;8;5;1;0;"Spokane";"MAR";783;"cluster_0"
54.6;35.4;45.0;74;27;0;0;9;0;0;593;0;1.32;23;14;5;0;0;"Spokane";"APR";784;"cluster_0"
67.2;42.4;54.8;84;32;0;0;3;0;0;318;8;0.98;46;5;4;0;0;"Spokane";"MAY";785;"cluster_3"
73.2;50.2;61.7;92;44;3;0;0;0;0;145;53;0.96;45;6;2;0;0;"Spokane";"JUN";786;"cluster_3"
80.4;53.0;66.7;90;44;1;0;0;0;0;35;96;0.41;32;4;1;0;0;"Spokane";"JUL";787;"cluster_3"
83.6;54.5;69.1;95;45;9;0;0;0;0;28;160;0.5;20;5;2;0;0;"Spokane";"AUG";788;"cluster_3"
80.2;51.8;66.0;93;41;5;0;0;0;0;77;116;0.36;18;4;2;0;0;"Spokane";"SEP";789;"cluster_3"
61.9;40.2;51.0;85;26;0;0;6;0;0;426;1;1.11;77;6;3;1;0;"Spokane";"OCT";790;"cluster_0"
44.0;32.1;38.0;58;19;0;0;10;0;0;802;0;2.58;76;13;8;2;0;"Spokane";"NOV";791;"cluster_0"
31.1;21.8;26.4;41;-5;0;17;30;0;2;1186;0;2.29;47;14;8;0;0;"Spokane";"DEC";792;"cluster_4"
37.1;13.6;25.3;69;-10;0;13;29;0;5;1225;0;0.59;32;5;2;0;0;"Springfield";"JAN";793;"cluster_4"
46.8;21.8;34.3;71;5;0;2;26;0;0;853;0;0.57;33;7;1;0;0;"Springfield";"FEB";794;"cluster_0"
65.2;38.7;52.0;86;15;0;0;8;0;0;420;24;2.02;97;11;6;1;0;"Springfield";"MAR";795;"cluster_0"
74.4;48.0;61.2;93;35;1;0;0;0;0;167;61;1.11;36;7;4;0;0;"Springfield";"APR";796;"cluster_3"
79.2;56.9;68.1;91;31;3;0;1;0;0;56;161;7.75;10;11;6;5;4;"Springfield";"MAY";797;"cluster_3"
88.8;67.4;78.1;100;56;14;0;0;0;0;0;400;6.65;7;10;7;3;1;"Springfield";"JUN";798;"cluster_1"
86.5;68.5;77.5;92;58;11;0;0;0;0;0;397;2.89;10;8;4;3;1;"Springfield";"JUL";799;"cluster_1"
88.9;66.3;77.6;100;53;16;0;0;0;0;0;399;1.88;75;7;6;2;0;"Springfield";"AUG";800;"cluster_1"
81.9;58.8;70.3;90;35;2;0;0;0;0;26;195;1.83;85;6;4;2;0;"Springfield";"SEP";801;"cluster_1"
83.0;53.6;68.3;92;28;4;0;1;0;0;41;151;0.43;31;4;1;0;0;"Springfield";"OCT";802;"cluster_3"
60.4;34.4;47.4;78;23;0;0;12;0;0;519;0;1.62;62;7;5;1;0;"Springfield";"NOV";803;"cluster_0"
36.7;15.5;26.1;70;-5;0;15;29;0;1;1198;0;0.45;23;4;2;0;0;"Springfield";"DEC";804;"cluster_4"
61.2;35.3;48.2;77;21;0;0;11;0;0;515;0;0.59;36;3;2;0;0;"Tucson";"JAN";805;"cluster_0"
71.2;43.8;57.5;86;33;0;0;0;0;0;215;11;0.81;51;2;2;1;0;"Tucson";"FEB";806;"cluster_3"
72.4;42.9;57.7;86;30;0;0;1;0;0;234;14;0.34;21;4;1;0;0;"Tucson";"MAR";807;"cluster_3"
79.4;48.5;64.0;96;37;3;0;0;0;0;79;55;0.32;32;1;1;0;0;"Tucson";"APR";808;"cluster_3"
93.3;61.2;77.2;100;53;26;0;0;0;0;0;390;0.0;0;0;0;0;0;"Tucson";"MAY";809;"cluster_1"
96.6;64.3;80.4;104;53;26;0;0;0;0;0;469;0.0;0;0;0;0;0;"Tucson";"JUN";810;"cluster_1"
99.8;75.4;87.6;107;70;31;0;0;18;0;0;708;1.66;45;10;6;0;0;"Tucson";"JUL";811;"cluster_1"
92.3;72.2;82.2;98;66;25;0;0;4;0;0;540;2.86;68;11;7;2;0;"Tucson";"AUG";812;"cluster_1"
94.8;70.0;82.4;101;63;28;0;0;4;0;0;529;1.45;77;4;3;1;0;"Tucson";"SEP";813;"cluster_1"
87.1;59.3;73.2;96;51;13;0;0;0;0;2;265;0.6;46;2;2;0;0;"Tucson";"OCT";814;"cluster_1"
71.8;46.8;59.3;85;39;0;0;0;0;0;186;23;1.26;64;3;2;2;0;"Tucson";"NOV";815;"cluster_3"
66.8;38.6;52.7;73;27;0;0;4;0;0;372;0;0.08;8;1;0;0;0;"Tucson";"DEC";816;"cluster_3"
40.6;16.5;28.6;69;-2;0;9;26;0;4;1119;0;0.98;82;5;2;1;0;"Tulsa";"JAN";817;"cluster_4"
51.8;25.1;38.5;77;11;0;2;24;0;0;736;0;0.42;23;3;2;0;0;"Tulsa";"FEB";818;"cluster_0"
68.6;40.9;54.8;90;22;2;0;8;0;0;343;34;2.84;37;8;4;2;1;"Tulsa";"MAR";819;"cluster_3"
76.9;54.2;65.5;92;40;3;0;0;0;0;90;112;2.21;81;4;3;3;0;"Tulsa";"APR";820;"cluster_3"
81.4;60.4;70.9;93;38;6;0;0;0;0;46;236;2.49;77;13;6;2;0;"Tulsa";"MAY";821;"cluster_1"
92.9;70.4;81.7;100;62;25;0;0;5;0;0;508;0.53;47;4;1;0;0;"Tulsa";"JUN";822;"cluster_1"
95.9;74.1;85.0;104;65;25;0;0;15;0;0;627;10.6;54;9;5;2;2;"Tulsa";"JUL";823;"cluster_1"
94.1;71.2;82.6;104;60;25;0;0;10;0;0;554;3.28;85;9;6;3;0;"Tulsa";"AUG";824;"cluster_1"
87.4;64.6;76.0;97;45;12;0;0;2;0;5;345;2.01;96;5;3;2;0;"Tulsa";"SEP";825;"cluster_1"
87.3;57.0;72.1;97;34;14;0;0;0;0;20;249;0.18;15;2;1;0;0;"Tulsa";"OCT";826;"cluster_1"
65.6;39.0;52.3;83;25;0;0;10;0;0;376;4;2.28;65;4;3;1;1;"Tulsa";"NOV";827;"cluster_3"
42.1;20.5;31.3;72;-3;0;10;29;0;1;1038;0;0.98;59;4;3;1;0;"Tulsa";"DEC";828;"cluster_4"
39.2;23.5;31.4;59;3;0;5;27;0;0;1034;0;1.86;49;10;6;0;0;"Washington";"JAN";829;"cluster_4"
39.4;22.6;31.0;55;9;0;6;26;0;0;946;0;1.94;77;6;5;2;0;"Washington";"FEB";830;"cluster_4"
58.9;38.1;48.5;86;27;0;0;6;0;0;505;0;5.43;11;14;8;4;3;"Washington";"MAR";831;"cluster_0"
68.9;46.6;57.8;89;38;0;0;0;0;0;245;34;0.99;34;6;4;0;0;"Washington";"APR";832;"cluster_3"
75.2;54.6;64.9;96;41;2;0;0;0;0;87;91;1.06;45;7;4;0;0;"Washington";"MAY";833;"cluster_3"
83.2;64.2;73.7;96;54;7;0;0;1;0;1;267;6.87;5;12;7;4;3;"Washington";"JUN";834;"cluster_1"
87.5;67.7;77.6;96;56;13;0;0;2;0;0;400;1.95;68;4;3;3;0;"Washington";"JUL";835;"cluster_1"
85.5;65.2;75.3;94;51;5;0;0;0;0;0;328;7.21;83;10;5;2;2;"Washington";"AUG";836;"cluster_1"
76.6;56.3;66.5;92;39;1;0;0;0;0;70;123;3.61;92;6;5;2;2;"Washington";"SEP";837;"cluster_3"
74.3;48.0;61.1;84;40;0;0;0;0;0;129;20;0.0;0;0;0;0;0;"Washington";"OCT";838;"cluster_3"
59.0;40.6;49.8;73;30;0;0;2;0;0;449;0;6.7;58;9;7;4;3;"Washington";"NOV";839;"cluster_0"
38.5;23.7;31.1;53;10;0;6;28;0;0;1042;0;1.72;64;8;4;2;0;"Washington";"DEC";840;"cluster_4"
32.5;11.9;22.2;62;-7;0;16;29;0;8;1322;0;1.22;94;5;3;1;0;"Wichita,1953+";"JAN";841;"cluster_4"
49.6;24.2;36.9;69;10;0;2;26;0;0;780;0;0.02;2;1;0;0;0;"Wichita,1953+";"FEB";842;"cluster_0"
62.6;37.3;50.0;84;22;0;0;13;0;0;463;4;1.67;57;6;3;3;0;"Wichita,1953+";"MAR";843;"cluster_0"
72.6;48.4;60.5;92;34;1;0;0;0;0;170;41;0.22;8;5;0;0;0;"Wichita,1953+";"APR";844;"cluster_3"
79.1;57.4;68.2;94;38;7;0;0;0;0;72;180;6.15;6;14;7;2;2;"Wichita,1953+";"MAY";845;"cluster_3"
89.5;68.1;78.8;100;58;17;0;0;0;0;0;421;4.51;62;8;7;4;2;"Wichita,1953+";"JUN";846;"cluster_1"
92.7;72.4;82.5;104;65;22;0;0;8;0;0;552;2.7;80;7;6;2;0;"Wichita,1953+";"JUL";847;"cluster_1"
92.1;70.3;81.2;104;56;20;0;0;8;0;0;509;2.86;70;8;3;2;1;"Wichita,1953+";"AUG";848;"cluster_1"
82.1;62.9;72.5;92;46;2;0;0;0;0;9;243;4.9;3;10;8;5;2;"Wichita,1953+";"SEP";849;"cluster_1"
80.3;55.0;67.7;93;37;6;0;0;0;0;50;142;2.47;37;2;2;2;2;"Wichita,1953+";"OCT";850;"cluster_3"
58.7;35.9;47.3;76;21;0;0;12;0;0;523;0;1.04;80;4;2;1;0;"Wichita,1953+";"NOV";851;"cluster_0"
36.5;16.7;26.6;63;-2;0;15;31;0;2;1184;0;0.34;29;3;1;0;0;"Wichita,1953+";"DEC";852;"cluster_4"
